ID,Display Punycode
d/xn--9ca,é
d/xn--8a,¢
d/xn--xba,º
d/xn--uba,·
d/xn--tzac,ϾϿ
d/xn--1xa,π
d/xn--t4c,฿
d/xn--nba,°
d/xn--ysca542m,ಠ⁔ಠ
d/xn--_-ncfb,ಠ_ಠ
d/xn--zrich-kva,zürich
d/xn--xxa,μ
d/xn--59g,∞
d/xn--pxa,δ
d/xn--7xa,φ
d/xn--wxa,λ
d/xn--txa,θ
d/xn--oxa,γ
d/xn--e9g,∃
d/xn--qxa,ε
d/xn--nxa,β
d/xn--b9g,∀
d/xn--bya,ω
d/xn--zxa,ξ
d/xn--4xa,σ
d/xn--9xa,ψ
d/xn--8xa,χ
d/xn--jbh,∫
d/xn--mxa,α
d/xn--kpu415c,空手
d/xn--8prp5qjr9b,居合道
d/xn--lzg,€
d/xn--kalr-ira,kalør
d/xn--41a,я
d/xn--45q,八
d/xn--sp5a,零
d/xn--4kq,二
d/xn--sjq,九
d/xn--4gq,一
d/xn--7gq,七
d/xn--kkr,十
d/xn--ehq,三
d/xn--dlq,五
d/xn--65q,六
d/xn--wbs,四
d/xn--80a,а
d/xn--u1a,х
d/xn--e1a,е
d/xn--n1a,о
d/xn--p1a,р
d/xn--q1a,с
d/xn--bitnk-mua,bitnök
d/xn--tckhy3nmc,ショタコン
d/xn--tckyfi0a,ロリコン
d/xn--e5x,狐
d/xn--kerhielm-8za,åkerhielm
d/xn--bdk,ツ
d/xn--d1a,д
d/xn--l1a,м
d/xn--j1a,к
d/xn--61a,ё
d/xn--s1a,у
d/xn--r1a,т
d/xn--m1a,н
d/xn--g1a,з
d/xn--90a,б
d/xn--b1a,в
d/xn--o1a,п
d/xn--v1a,ц
d/xn--x1a,ш
d/xn--f1a,ж
d/xn--w1a,ч
d/xn--t1a,ф
d/xn--h1a,и
d/xn--c1a,г
d/xn--01a,ы
d/xn--y1a,щ
d/xn--k1a,л
d/xn--i1a,й
d/xn--31a,ю
d/xn--21a,э
d/xn--11a,ь
d/xn--z1a,ъ
d/xn--gba,©
d/xn--lba,®
d/xn--nvg,•
d/xn--y2g,™
d/xn--n2g,℗
d/xn--lanosit-fwa,lanosità
d/xn--cba,¥
d/xn--bba,¤
d/xn--t0h,■
d/xn--g6h,♥
d/xn--51h,●
d/xn--9a,£
d/xn--h1alffa9f,россия
d/xn--80adxhks,москва
d/xn--d1acpjx3f,яндекс
d/xn--p1ai,рф
d/xn--v4h,☮
d/xn--w4h,☯
d/xn--k4h,☣
d/xn--j4h,☢
d/xn--h4h,☠
d/xn--4bi,✉
d/xn--n3h,☃
d/xn--74h,☺
d/xn--64h,☹
d/xn--3bi,✈
d/xn--l3h,☁
d/xn--g5h,♂
d/xn--l6h,♪
d/xn--eih,⌛
d/xn--bih,⌘
d/xn--e5h,♀
d/xn--m6h,♫
d/xn--dih,⌚
d/xn--q3h,☆
d/xn--y3h,☎
d/xn--z3h,☏
d/xn--p3h,★
d/xn--ida,ñ
d/xn--espaa-rta,españa
d/xn--i1atf,хуй
d/xn--m3h,☂
d/xn--84h,☻
d/xn--s8f,ᴥ
d/xn--l4h,☤
d/xn--rih,⌨
d/xn--35h,♙
d/xn--eba,§
d/xn--k3h,☀
d/xn--qei,❤
d/xn--95h,♟
d/xn--c6h,♡
d/xn--94h,☼
d/xn--1bi,✆
d/xn--54h,☸
d/xn--yvi,⦿
d/xn--o3h,☄
d/xn--t3h,☉
d/xn--btc,ಬ
d/xn--9hh,⌗
d/xn--8hh,⌖
d/xn--www,泞
d/xn--ejh,⌾
d/xn--bit,岄
d/xn--xxx,燋
d/xn--net,射
d/xn--web,׫
d/xn--w3c,ฟ
d/xn--nic,ଷ
d/xn--nbc,ੂ
d/xn--vip,䥴
d/xn--dns,塬
d/xn--org,ᾗ
d/xn--ice,Ᏺ
d/xn--npc,బ
d/xn--nya,ϕ
d/xn--4me,ᕦ
d/xn--htc,ಲ
d/xn--ria,Ʃ
d/xn--sca,Ø
d/xn--svg,‧
d/xn--sba,µ
d/xn--xoh,␀
d/xn--wph,␢
d/xn--j6h,♨
d/xn--r4h,☪
d/xn--wow,毆
d/xn--xnx,灭
d/xn--tor,取
d/xn--vps,壄
d/xn--use,ᘮ
d/xn--mov,曳
d/xn--rss,天
d/xn--joy,畋
d/xn--boy,畃
d/xn--eye,ᛰ
d/xn--fix,澬
d/xn--hit,岊
d/xn--gtx,焮
d/xn--fox,灾
d/xn--job,ܼ
d/xn--bug,ῳ
d/xn--drv,杓
d/xn--sro,䗣
d/xn--90ao4a,бит
d/xn--h6h,♦
d/xn--e6h,♣
d/xn--d6h,♢
d/xn--f6h,♤
d/xn--i6h,♧
d/xn--biz,示
d/xn--b6h,♠
d/xn--82g,ℬ
d/xn--g3a,ѽ
d/xn--8vh1d9ftiaa,┣▇▇▇═─
d/xn--izg,₩
d/xn--TC-wvi,฿tc
d/xn--itcoin-2du,฿itcoin
d/xn--tctube-2du,฿tctube
d/xn--itcoins-m8w,฿itcoins
d/xn--dra,˖
d/xn--(y)-btlb,(๏y๏)
d/xn--e1ajldi,покер
d/xn--c1ajz8b,игры
d/xn--b1aedk6a,видео
d/xn--e1aybc,тест
d/xn--80anjg9azc,музыка
d/xn--80ae0bp,авто
d/xn--d1aced8a8b,пиздец
d/xn--e1aktc,секс
d/xn--m1abbbg,порно
d/xn--_-ocob760acawd19nha32426coa,┌∩┐﴾◣_◢﴿┌∩┐
d/xn--ysca853aca2951ksuohla,ლ﴾ಠ益ಠლ﴿
d/xn--8ci,✰
d/xn--9bi,✎
d/xn--lvg,†
d/xn--e5hd,♂♀
d/xn--e5ha,♀♀
d/xn--e5he,♀♂
d/xn--g5ha,♂♂
d/xn--n2a,ѡ
d/xn--odi,✿
d/xn--8bi,✍
d/xn--7bi,✌
d/xn--kci,✘
d/xn--f5h,♁
d/xn--5th,Ⓑ
d/xn--jci,✗
d/xn--zbi,✄
d/xn--fci,✓
d/xn--gci,✔
d/xn--dzg,₤
d/xn--57h,⚡
d/xn--47h,⚠
d/xn--tdi,❄
d/xn--kwg,⁂
d/xn--l7g,⇄
d/xn--saman-b0a,samanė
d/xn--7hvu57c,网易
d/xn--xhq9m52ocyc,京东商城
d/xn--80ahnahceodec3ba,одноклассники
d/xn--gmqa1348a,人人网
d/xn--bnq242a7nh,支付宝
d/xn--fiqs8s4l5aa3225a,中国站长站
d/xn--80ab2al,банк
d/xn--w4a,Ұ
d/xn--hzy,益
d/xn--ysc,ಠ
d/xn--fiqs8s,中国
d/xn--fiqz9s,中國
d/xn--wgv71a,日本
d/xn--chv00a,旴本
d/xn--node,გე
d/xn--it-wvi,฿it
d/xn--80abg3be,бонга
d/xn--80aae1b9a9d,валюта
d/xn--h1akdx,инфо
d/xn--p1ag,ру
d/xn--80aairftm,магазин
d/xn--c1abdnx4g,деньги
d/xn--h1acbxfam,русский
d/xn--h1aekdm,поиск
d/xn--p1acf,рус
d/xn--90abj,веб
d/xn--b1amnebsh,новости
d/xn--80abph4b,биржа
d/xn--e1aahubrme,интернет
d/xn--80aswg,сайт
d/xn--zca,ß
d/xn--4ca,ä
d/xn--tda,ü
d/xn--nda,ö
d/xn--80ajuee0a,монета
d/xn--80a1acny,почта
x/xn--t4c,฿
t/xn--t4c,฿
v/xn--t4c,฿
w/xn--t4c,฿
z/xn--t4c,฿
n/xn--t4c,฿
a/xn--t4c,฿
b/xn--t4c,฿
u/xn--t4c,฿
y/xn--t4c,฿
s/xn--t4c,฿
dd/xn--t4c,฿
r/xn--t4c,฿
k/xn--t4c,฿
p/xn--t4c,฿
e/xn--t4c,฿
f/xn--t4c,฿
g/xn--t4c,฿
h/xn--t4c,฿
i/xn--t4c,฿
c/xn--t4c,฿
q/xn--t4c,฿
l/xn--t4c,฿
m/xn--t4c,฿
o/xn--t4c,฿
j/xn--t4c,฿
d/xn--grnemeyer-17a,grönemeyer
d/xn--mnchen-3ya,münchen
d/xn--sterreich-z7a,österreich
d/xn--herbert-grnemeyer-8zb,herbert-grönemeyer
d/xn--herbertgrnemeyer-uwb,herbertgrönemeyer
d/xn--fc-bayern-mnchen-tzb,fc-bayern-münchen
d/xn--fcbayernmnchen-osb,fcbayernmünchen
d/xn--hasserder-57a,hasseröder
d/xn--hasserder-bier-0pb,hasseröder-bier
d/xn--l2g,ℕ
d/xn--laisv-b0a,laisvė
d/xn--laim-yva,laimė
d/xn--mogus-tib,žmogus
d/xn--ol-9ma32b,žolė
d/xn--cigaret-z8a,cigaretė
d/xn--teis-yva,teisė
d/xn--cigarets-beb,cigaretės
d/xn--valdia-6pb,valdžia
d/xn--pergal-n4a,pergalė
d/xn--bira-nbb,birža
d/xn--55h,♛
d/xn--pci,✝
d/xn--oba,±
d/xn--55g,→
d/xn--ffi-rna,öffi
d/xn--schwbisch-y2a,schwäbisch
d/xn--8b4a,道
d/xn--boo-7wa2y,božoň
d/xn--velico-bkb,všelico
d/xn--google-gi0nx02s,google谷歌
d/xn--fiqq24b8jea300hll5d,新浪新闻中心
d/xn--hlr20wf80a,美卡币
d/xn--4caa,ää
d/xn--h-0fa,hä
d/xn--ndaa,öö
d/xn--krnten-bua,kärnten
d/xn--tdaa,üü
d/xn--h-zfa,äh
d/xn--obersterreich-lmb,oberösterreich
d/xn--s-0ga,ös
d/xn--bcher-kva,bücher
d/xn--niedersterreich-etb,niederösterreich
d/xn--av-eka,öav
id/xn--nda,ö
d/xn--si-eka,ösi
id/xn--si-eka,ösi
id/xn--tda,ü
id/xn--4ca,ä
d/xn--ndaaa,ööö
d/xn--tdaaa,üüü
d/xn--4caaa,äää
d/xn--hm-uia,ähm
d/xn--mrchen-bua,märchen
d/xn--bse-mdchen-u5a5s,böse-mädchen
id/xn--bsehsin-8wa2n,bösehäsin
d/xn--bse-sna,böse
d/xn--bsehsin-8wa2n,bösehäsin
d/xn--bsemdchen-y2a8q,bösemädchen
id/xn--bses-mdchen-q8a2u,böses-mädchen
id/xn--bse-hsin-4za9o,böse-häsin
d/xn--bses-mdchen-q8a2u,böses-mädchen
d/xn--bsesmdchen-u5a5s,bösesmädchen
d/xn--mse-sna,möse
d/xn--bse-hsin-4za9o,böse-häsin
d/xn--bs-fka,bös
id/xn--bsesmdchen-u5a5s,bösesmädchen
id/xn--krfti-hra,kräfti
id/xn--krftie-cua,kräftie
d/xn--gesuse-dua,gesäuse
d/xn--prbichl-6wa,präbichl
d/xn--karlschtt-w9a,karlschütt
d/xn--kssen-kva,küssen
d/xn--mrz-hoa,mürz
d/xn--ksse-0ra,küsse
d/xn--mrztal-3ya,mürztal
d/xn--mhle-0ra,mühle
d/xn--grner-see-r9a,grüner-see
d/xn--brenschtzklamm-5hb40b,bärenschützklamm
d/xn--grnersee-75a,grünersee
d/xn--erdl-7qa,erdöl
d/xn--l-0ga,öl
d/xn--kernl-mua,kernöl
d/xn--kleiner-br-y5a,kleiner-bär
d/xn--kleinerbr-22a,kleinerbär
id/xn--kleiner-br-y5a,kleiner-bär
id/xn--kleinerbr-22a,kleinerbär
d/xn--sssemaus-65a,süssemaus
id/xn--sssemaus-65a,süssemaus
d/xn--ssse-maus-q9a,süsse-maus
d/xn--trmpfe-4ya,trümpfe
d/xn--ama-gtesiegel-0ob,ama-gütesiegel
d/xn--almhtte-q2a,almhütte
d/xn--gte-hoa,güte
d/xn--amagtesiegel-glb,amagütesiegel
d/xn--gtesiegel-q9a,gütesiegel
d/xn--berghtte-b6a,berghütte
d/xn--htte-0ra,hütte
d/xn--msli-0ra,müsli
d/xn--gemtlichkeit-flb,gemütlichkeit
d/xn--berlord-m2a,überlord
d/xn--gemtlich-85a,gemütlich
d/xn--ber-goa,über
d/xn--mbel-5qa,möbel
d/xn--nchstenliebe-gcb,nächstenliebe
app/xn--tda,ü
app/xn--4ca,ä
app/xn--nda,ö
d/xn--reisebro-c6a,reisebüro
d/xn--bro-hoa,büro
d/xn--6stq12a27e,比特币
d/xn--flte-6qa,flöte
d/xn--schulmdchen-q8a,schulmädchen
d/xn--ujq119isfa,维也纳
d/xn--vcs312c,法国
d/xn--riqs47q,丹麦
d/xn--w9s671b,宁波
d/xn--tst428g,巴西
d/xn--w9s776i,贝宁
d/xn--h0tv33e,开罗
d/xn--tstp75l,巴黎
d/xn--37qz9x,冰岛
d/xn--kcrr57o,利马
d/xn--tst97s,巴林
d/xn--tmzv32e,秘鲁
d/xn--hor55g,埃及
d/xn--95qx28d,波兰
d/xn--7or07u,古巴
d/xn--vcsx6r,德国
d/xn--btvte,柏林
d/xn--1lq90i,北京
d/xn--j6w193g,香港
d/xn--u0x,爱
d/xn--fhqz97e,上海
d/xn--0m4av3o,马里
d/xn--vcsr42c,泰国
d/xn--7or764i,蒙古
d/xn--xysz6s,挪威
d/xn--vcsx75g,美国
d/xn--zqsr25d,瑞士
d/xn--djrpt,台北
d/xn--vcst42m,韩国
d/xn--xhqpn,东京
d/xn--6kr069m,南非
d/xn--kprw13d,台湾
d/xn--i6qr46f,瑞典
d/xn--jpq555c,伦敦
d/xn--bq3ak7p,赶集
d/xn--fjq159k,乐蜂
d/xn--vcst63h,英国
d/xn--flw351e,谷歌
d/xn--mtss27g,奇艺
d/xn--pssu33l,大阪
d/xn--pbt173b,淘宝
d/xn--6kr576k,越南
d/xn--0r0aq86c,罗马
d/xn--jpq85vba,多伦多
d/xn--kwr70gy12d,墨西哥
d/xn--yfro4i67o,新加坡
d/xn--yfrs6cf29e,芝加哥
d/xn--i6q720o,雅典
d/xn--wxtr44c,百度
d/xn--efvx5o,新浪
d/xn--9krt00a,微博
d/xn--wlru4x,印度
d/xn--hp1av0c,蘑菇
d/xn--u2ta,当当
d/xn--kput3i,手机
d/xn--xhq9m,京东
d/xn--ym0aub,纽约
d/xn--l9qya,凤凰
d/xn--u2u404a,搜狐
d/xn--efvy88h,新闻
d/xn--xkrr14b,新华
d/xn--i9qr1v,凡客
d/xn--49s69x,安曼
d/xn--fjq180p,音乐
d/xn--itt979e,希腊
d/xn--w9sp82g,苏宁
d/xn--vcsy75g,国美
d/xn--wnyy6w,电脑
d/xn--yf1a990d,艺龙
d/xn--0m4ap1g,阿里
d/xn--xhqp98c,东方
d/xn--y71a305a,雅虎
d/xn--5su34j936bgsg,香格里拉
d/xn--tsta8290bfzd,阿里巴巴
d/xn--jlq652e4xy,比亚迪
d/xn--jlq480n2rg,亚马逊
d/xn--gtv25h,水果
d/xn--i01ay92b,香蕉
d/xn--i8sr50a,柚子
d/xn--2p1ax42b,韭菜
d/xn--evv35d,柠檬
d/xn--1iux99b,慧眼
d/xn--ur0a247d,网龙
d/xn--m8t158c,思科
d/xn--qpuz88a,猫扑
d/xn--pss140e,盛大
d/xn--10v,梦
d/xn--z8qt55i,减肥
d/xn--mtsu16h,奇虎
d/xn--7q1a9g,葡萄
d/xn--ruqum,保健
d/xn--fjq57x,乐天
d/xn--i8st36a,橙子
d/xn--r70as2s,腾讯
d/xn--7ou74b,搜房
d/xn--s6w73m,畅游
d/xn--gtvz22d,苹果
d/xn--p3up99b,携程
d/xn--gmqw38a,巨人
d/xn--hlr744j46h,银行卡
d/xn--12cm8ch2ag9cve3a6fvg,เกมส์ยิงปืน
d/xn--sk-fkab,sökö
d/xn--actividadesparanios-c4b,actividadesparaniños
d/xn--8y0an63b,银联
d/xn--0tr,和
d/xn--6stp03ba,点点币
d/xn--6stx4osj,新星币
d/xn--6st144ahtf,瑞波币
d/xn--9w3bi2opqggsd,비트코인
d/xn--12c8d5d,เกม
d/xn--eqro5u,名币
d/xn--6sto96b2rm,莱特币
d/xn--udt5l53b,山寨币
d/xn--12c8d1a4fxc,เกมส์
d/xn--rlsv04j,賭場
d/xn--74qv68b,撲克
d/xn--mcrt45a,性别
d/xn--feuo36e,色情
d/xn--mes317j,赌场
d/xn--s5bd5b8a5d,নাচঘর
d/xn--r5b0c4a8c,গেমস
d/xn--11b2b6b2a6bv,कैसिनो
d/xn--u9jvkqb0c,ポルノの
d/xn--l1b4gao5c5d,अश्लील
d/xn--kgbecft8o,إباحية
d/xn--r5bd8e6bxd,লিঙ্গ
d/xn--11b5bt0i,पोकर
d/xn--r5bd8azexb8d,সঙ্গীত
d/xn--igbid0esc,ألعاب
d/xn--mgbc1a1edz,البوكر
d/xn--ngbc0c2b,لعبة
d/xn--i1b6b5d6b,लिंग
d/xn--ygb4ahmhe,موسيقى
d/xn--21b0d0c,खेल
d/xn--mgbw3cokk,كازينو
d/xn--unup4y,游戏
d/xn--74qv82b,扑克
d/xn--rgbo0d,جنس
d/xn--w5ba4ib,জুজু
d/xn--84b6b0b4aja0a3en2k,অশ্লীলরচনা
d/xn--i1b6bxb9dxb,संगीत
d/xn--1oc0c4a8c5ab,గేమ్స్
d/xn--sckq7ite,ゲームズ
d/xn--goc6bxb0b6bwcj,సంగీతము
d/xn--goc5bo4b0f4bj,జూదగృహం
d/xn--goc6b1dva6b1a,శృంగార
d/xn--66v140h,音楽
d/xn--pckuae6a,セックス
d/xn--fpcx0c,రతి
d/xn--lck0a4d,カジノ
d/xn--lck5eydb,ポーカー
d/xn--zoc5bt0im,పోకర్
d/xn--c1akx0g,ігри
d/xn--80aodfsg,казино
d/xn--80andih6b,музика
d/xn--12c2c7b5al8f,กาสิโน
d/xn--q3can1f,พนัน
d/xn--spa-7ka,spaß
d/xn--poas-ypa3q,počasí
d/xn--porn-yqa,pornô
d/xn--brse-5qa,börse
d/xn--mzik-0ra,müzik
d/xn--msica-7ua,música
d/xn--jtkok-xqa1d,játékok
d/xn--idjrs-zqab60g,időjárás
d/xn--vder-loa,väder
d/xn--flge-1ra,flüge
d/xn--alveri-q9a28ae,alışveriş
d/xn--0z3a,車
d/xn--p3t494j,電影
d/xn--939a1g,건강
d/xn--lq1b,돈
d/xn--wj4b0z,섹스
d/xn--hy1bj30dt7a,핸드폰
d/xn--ie5b30b,음악
d/xn--nww,法
d/xn--yk3b,법
d/xn--72c9bva0i,เพลง
d/xn--zfvo28e,旅行
d/xn--2q1bw78a3kd,자동차
d/xn--9i5bo9z,여행
d/xn--4tws85e,汽车
d/xn--2q1b16p8rc,부동산
d/xn--hhr831f,動画
d/xn--c1ajb5a,игри
d/xn--c1ajbfp,книги
d/xn--b1amarcd,новини
d/xn--80afd2bbd,погода
d/xn--80aac6chp,работа
d/xn--80aafsqmek2ak,знакомства
d/xn--1lqs71d,東京
d/xn--cebemb0ck,משחקים
d/xn--9dbgzmv,ספורט
d/xn--debcmn9a,סרטים
d/xn--mgbacxr,اخبار
d/xn--mgbb5a23c,بازی
d/xn--n3cz,รถ
d/xn--7dbee7eg,חדשות
d/xn--bersetzer-p9a,übersetzer
d/xn--hxt324i,酒店
d/xn--v9ju72g90p,今日は
d/xn--noma-pqa,ónoma
d/xn--b1ae0b3bc,выдры
d/xn--empeos-zwa,empeños
d/xn--nio-8ma,niño
d/xn--sueo-iqa,sueño
d/xn--nios-hqa,niños
d/xn--empeo-rta,empeño
d/xn--sueos-qta,sueños
d/xn--674a,钱
d/xn--u2uy07c,搜索
d/xn--p3t879b,电影
d/xn--5nqs58m,软件
d/xn--oru136g,投资
d/xn--g2xx48c,购物
d/xn--nias-hqa,niñas
d/xn--wlqw1swrj,房地产
d/xn--b1adcgjb2abq4al4j,недвижимость
d/xn--90aifd0az,бизнес
d/xn--jn2a72x,银行
d/xn--mjzw1m,股票
d/xn--e1amhq6c,отель
d/xn--h1adke,кино
d/xn--sw4a,錢
d/xn--ickth,エロ
d/xn--yzg,₹
d/xn--tci,✡
d/xn--72c6ceb3md,โรงแรม
d/xn--12cmi5mjc7gqd,เกาะช้าง
d/xn--72cf4ec0c3c1d2a1c,เชียงใหม่
d/xn--12cm2c2aw0k8b,กรุงเทพ
d/xn--ffis-4qa,öffis
d/xn--o3cw4h,ไทย
d/xn--schn-7qa,schön
d/xn--huser-gra,häuser
d/xn--knguru-bua,känguru
d/xn--bao-8ma,baño
d/xn--diseoweb-g3a,diseñoweb
d/xn--diseo-rta,diseño
d/xn--trkei-kva,türkei
d/xn--gypten-9ta,ägypten
d/xn--affren-dua,affären
d/xn--krbchen-90a,körbchen
d/xn--brute-hra,bräute
d/xn--affre-ira,affäre
d/xn--frhling-o2a,frühling
d/xn--kchen-kva,küchen
d/xn--kche-0ra,küche
d/xn--ghn-qla,gähn
d/xn--kln-sna,köln
d/xn--grne-1ra,grüne
d/xn--ther-koa,äther
d/xn--sp-gka,spö
d/xn--n-1ga,nö
d/xn--vp-eka,övp
d/xn--fp-gka,fpö
d/xn--o-1ga,oö
d/xn--grn-ioa,grün
d/xn--nhen-loa,nähen
d/xn--hhlen-jua,höhlen
d/xn--hhle-5qa,höhle
d/xn--verfhrt-q2a,verführt
d/xn--verfhrung-t9a,verführung
id/xn--gre-sna,göre
d/xn--gre-sna,göre
id/xn--schulmdchen-q8a,schulmädchen
d/xn--fllig-kva,füllig
d/xn--gren-5qa,gören
d/xn--lwe-sna,löwe
d/xn--lwin-5qa,löwin
d/xn--lwen-5qa,löwen
d/xn--schrdinger-hcb,schrödinger
d/xn--knig-5qa,könig
d/xn--knigin-wxa,königin
d/xn--gdel-5qa,gödel
d/xn--tlq88j,交友
d/xn--ghq880n,下载
d/xn--brgerkarte-9db,bürgerkarte
d/xn--ts8h,💱
d/xn--io8h,🐚
d/xn--1m8h,🏧
d/xn--d1aml,док
d/xn--d1amlbkk,доктор
xn--42c1bhb6bxd3b3m,บิทคอยน์
d/xn--og8h,🌈
d/xn--dq8h,👛
d/xn--nl8h,🎶
d/xn--bt8h,📂
d/xn--hl8h,🎰
d/xn--ki8h,🍊
d/xn--o28h,😊
d/xn--jl8h,🎲
d/xn--8j8h,🎅
d/xn--fz7h,🃏
d/xn--9s8h,📁
d/xn--26h,♻
d/xn--wi8h,🍖
d/xn--sbi,⛽
d/xn--f78h,🚰
d/xn--8h8h,🌿
d/xn--fr8h,💀
d/xn--yp8h,👍
d/xn--ei8h,🍄
d/xn--uh8h,🌱
d/xn--gg8h,🌀
d/xn--cl8h,🎫
d/xn--pqk,㊙
d/xn--0m8h,🏦
d/xn--3j8h,🎀
d/xn--qg8h,🌊
d/xn--rt8h,📒
d/xn--tl8h,🎼
d/xn--fq8h,👝
d/xn--lo8h,🐝
d/xn--pfel-uoa,æpfel
d/xn--42c1bhb6bxd3b3m,บิทคอยน์
d/xn--dvis-qsa,dāvis
d/xn--ml8h,🎵
d/xn--8k8h,🎨
d/xn--4k8h,🎤
d/xn--dl8h,🎬
d/xn--7k8h,🎧
d/xn--o97h,🈶
d/xn--cs8h,💠
d/xn--ql8h,🎹
d/xn--1s8h,💹
d/xn--fl8h,🎮
d/xn--v87h,🈚
d/xn--ddi,✴
d/xn--90auioef,футбол
d/xn--h1agd3a1be,фильмы
d/xn--80aa2a1ai2a1b,скачать
d/xn--ygba1c,سكس
d/xn--mgba1fmg,افلام
d/xn--mgbad0esc,العاب
d/xn--mgba0d6bu,اغاني
d/xn--ogbp7cua,كورة
d/xn--mgbe1fdafa,المملكة
d/xn--q3c1alb2au,หัวหิน
d/xn--12c4b5a2g9a5b,ภูเก็ต
d/xn--12c4c0a4c0a8i,กระบี่
d/xn--12co0c3b4eva,ธุรกิจ
d/xn--72c5ab8bza6azdwe3cf,ท่องเที่ยว
d/xn--q3cb6e5d,บ้าน
d/xn--12c0gsak,กีฬา
d/xn--22c8e6a1f,ข่าว
d/xn--42c1bg7ad5a4ed,ทนายความ
d/xn--72c9azcza,หนัง
d/xn--62c0a3dtbye,โฆษณา
d/xn--72c3a7ag1brb1f,รถมือสอง
d/xn--s3cp0e,รูป
d/xn--o3cautz8c9fud,โทรศัพท์
d/xn--42c5b3a1dc8kd,ร้านค้า
d/xn--y3ciw6a5c0d,อีเมล์
d/xn--42c6bwc2a9h,ค้นหา
d/xn--z3cjl,หวย
d/xn--42c1fva3a5e,หาคู่
d/xn--72cz9c,ดวง
d/xn--y3cbx7a,สยาม
d/xn--l3cb2cuc,ตลาด
d/xn--12c8dd4a3al9b4c,เกาะสมุย
d/xn--y3ccw1d,สมุย
d/xn--o3cnn2dh,พัทยา
d/xn--42cm8euc0d,โคราช
d/xn--72c0bwa1bncd4mqcb,แม่ฮ่องสอน
d/xn--e3cn2eb7a5gqb,หาดใหญ่
d/xn--xp8h,👌
d/xn--tchter-wxa,töchter
d/xn--lcher-jua,löcher
d/xn--universitt-y5a,universität
d/xn--giedr-b0a,giedrė
d/xn--garbinit-pbb6ht7b,garbinčiūtė
d/xn--giedr-garbinit-1zb6mk42m,giedrė-garbinčiūtė
d/xn--sdalpen-n2a,südalpen
d/xn--ko-eka,öko
id/xn--kotussi-80a,ökotussi
d/xn--kotussi-80a,ökotussi
d/xn--giedrgarbinit-zvb7lj04l,giedrėgarbinčiūtė
d/xn--ogbpf8fl,سورية
d/xn--nqv7fs00ema,组织机构
d/xn--nqv7f,机构
d/xn--ngbc5azd,شبكة
d/xn--mgbx4cd0ab,مليسيا
d/xn--mgbc0a9azcg,المغرب
d/xn--pgbs0dh,تونس
d/xn--mgbbh1a71e,بھارت
d/xn--mgbayh7gpa,الاردن
d/xn--mgbab2bd,بازار
d/xn--mgberp4a5d4ar,السعودية
d/xn--q9jyb4c,みんな
d/xn--wgbh1c,مصر
d/xn--s9brj9c,ਭਾਰਤ
d/xn--mgbaam7a8h,امارات
d/xn--wgbl6a,قطر
d/xn--xkc2al3hye2a,இலங்கை
d/xn--xkc2dl3a5ee0h,இந்தியா
d/xn--zfr164b,政务
d/xn--fiq228c5hs,中文网
d/xn--80asehdb,онлайн
d/xn--lgbbat1ad8j,الجزائر
d/xn--ygbi2ammx,فلسطين
d/xn--ses554g,网址
d/xn--l1acc,мон
d/xn--rhqv96g,世界
d/xn--mgba3a4f16a,ایران
d/xn--4gbrim,موقع
d/xn--io0a7i,网络
d/xn--czr694b,商标
d/xn--j1amh,укр
d/xn--d1acj3b,дети
d/xn--fpcrj9c3d,భారత్
d/xn--kpry57d,台灣
d/xn--mgb9awbf,عمان
d/xn--clchc0ea0b2g2a9gcd,சிங்கப்பூர்
d/xn--3bst00m,集团
d/xn--3ds443g,在线
d/xn--3e0b707e,한국
d/xn--55qw42g,公益
d/xn--55qx5d,公司
d/xn--45brj9c,ভারত
d/xn--6qq986b3xl,我爱你
d/xn--6frz82g,移动
d/xn--80ao21a,қаз
d/xn--90a3ac,срб
d/xn--c1avg,орг
d/xn--cg4bki,삼성
d/xn--czru2d,商城
d/xn--fiq64b,中信
d/xn--fzc2c9e2c,ලංකා
d/xn--gecrj9c,ભારત
d/xn--h2brj9c,भारत
d/xn--i1b6b1a6a2e,संगठन
d/xn--hofbru-fua,hofbräu
d/xn---ticket-80a,ö-ticket
d/xn--mdel-loa,mädel
d/xn--ticket-vxa,öticket
d/xn--mderl-gra,mäderl
d/xn--mdl-qla,mädl
id/xn--2h5a,门
id/xn--4pv,木
id/xn--dkr,区
d/xn--mpu,才
d/xn--hxy,的
id/xn--kft,尤
id/xn--h43a,车
id/xn--fiq,中
id/xn--fwt,干
id/xn--chq,万
id/xn--tfr,力
id/xn--rht,山
id/xn--rn3a,贝
id/xn--3f6a,马
d/xn--uds,土
id/xn--5gq,丁
id/xn--ujq,也
id/xn--zqs,士
id/xn--swt,广
id/xn--rlr,卫
id/xn--ebr,刀
d/xn--gmq,人
d/xn--y5q,入
id/xn--uds,土
d/xn--est,工
id/xn--clr,卜
id/xn--00t,弓
id/xn--9kq,云
id/xn--iiq,丰
d/xn--tfr,力
id/xn--ehq,三
id/xn--vjq,习
id/xn--elq,井
id/xn--6kq,于
d/xn--t2t,归
d/xn--l9q,凤
d/xn--4pv,木
d/xn--wmq,今
d/xn--btt,帅
d/xn--y7y,石
d/xn--7or,古
d/xn--pss,大
d/xn--vnx,火
d/xn--7iq,义
d/xn--39q,凶
d/xn--yi7a,龙
d/xn--mmr,厉
d/xn--kndel-kua,knödel
d/xn--jgermeister-l8a,jägermeister
d/xn--amtc-4qa,öamtc
d/xn--bb-eka,öbb
d/xn--sanktplten-jcb,sanktpölten
d/xn--sankt-plten-xfb,sankt-pölten
d/xn--st-plten-q4a,st-pölten
d/xn--stplten-c1a,stpölten
d/xn--dit-rla,diät
d/xn--kitzbhl-r2a,kitzbühl
d/xn--fhrer-kva,führer
d/xn--space-oye,пspace
id/xn--1xa,π
d/xn--7hv063c,易經
d/xn--7hvo46c,易经
d/xn--9nh,⏩
d/xn--9gh8,
id/xn--t4c,฿
d/xn--hgi,➡
d/xn--j5h,♅
d/xn--k5h,♆
d/xn--cfq,䷁
d/xn--d5h,☿
d/xn--o6h,♭
d/xn--bfq,䷀
d/xn--h5h,♃
d/xn--i5h,♄
d/xn--q6h,♯
d/xn--p6h,♮
d/xn--l5h,♇
d/xn--ffq,䷄
d/xn--hfq,䷆
d/xn--efq,䷃
d/xn--gfq,䷅
d/xn--jfq,䷈
d/xn--dfq,䷂
d/xn--ifq,䷇
d/xn--lfq,䷊
d/xn--mfq,䷋
d/xn--rfq,䷐
d/xn--qfq,䷏
d/xn--1fq,䷚
d/xn--0fq,䷙
d/xn--fgq,䷧
d/xn--igq,䷪
d/xn--3gq,䷿
d/xn--dgq,䷥
d/xn--xfq,䷖
d/xn--9fq,䷢
d/xn--ufq,䷓
d/xn--ofq,䷍
d/xn--3fq,䷜
d/xn--kfq,䷉
d/xn--1gq,䷽
d/xn--ugq,䷶
d/xn--sgq,䷴
d/xn--kgq,䷬
d/xn--0gq,䷼
d/xn--8fq,䷡
d/xn--7fq,䷠
d/xn--pfq,䷎
d/xn--pgq,䷱
d/xn--ngq,䷯
d/xn--tfq,䷒
d/xn--sfq,䷑
d/xn--bgq,䷣
d/xn--rgq,䷳
d/xn--hgq,䷩
d/xn--cgq,䷤
d/xn--zfq,䷘
d/xn--5fq,䷞
d/xn--yfq,䷗
d/xn--ygq,䷺
d/xn--qgq,䷲
d/xn--vgq,䷷
d/xn--wfq,䷕
d/xn--6fq,䷟
d/xn--lgq,䷭
d/xn--mgq,䷮
d/xn--vfq,䷔
d/xn--zgq,䷻
d/xn--jgq,䷫
d/xn--xgq,䷹
d/xn--4fq,䷝
d/xn--wgq,䷸
d/xn--ogq,䷰
d/xn--2gq,䷾
d/xn--tgq,䷵
d/xn--egq,䷦
d/xn--nfq,䷌
d/xn--ggq,䷨
d/xn--2fq,䷛
d/xn--ui8h,🍔
d/xn--7s8h,💿
d/xn--px8h,🕜
d/xn--xq8h,👯
d/xn--yx8h,🕥
d/xn--0x8h,🕧
d/xn--ij8h,🍫
d/xn--nx8h,🕚
d/xn--6s8h,💾
d/xn--xs8h,💵
d/xn--0s8h,💸
d/xn--5s8h,💽
d/xn--7i8h,🍡
d/xn--qx8h,🕝
d/xn--qo8h,🐢
d/xn--ex8h,🕑
d/xn--wq8h,👮
d/xn--ys8h,💶
d/xn--jx8h,🕖
d/xn--xx8h,🕤
d/xn--ss8h,💰
d/xn--lx8h,🕘
d/xn--gx8h,🕓
d/xn--b28h,🗽
d/xn--vs8h,💳
d/xn--sx8h,🕟
d/xn--kx8h,🕗
d/xn--9n8h,🐒
d/xn--wx8h,🕣
d/xn--3s8h,💻
d/xn--es8h,💢
d/xn--5s8h/,💽
d/xn--2s8h,💺
d/xn--4s8h,💼
d/xn--ix8h,🕕
d/xn--ws8h,💴
d/xn--fx8h,🕒
d/xn--zx8h,🕦
d/xn--ux8h,🕡
d/xn--hx8h,🕔
d/xn--8s8h,📀
d/xn--y38h,😷
d/xn--tx8h,🕠
d/xn--1p8h,👐
d/xn--ox8h,🕛
d/xn--us8h,💲
d/xn--mx8h,🕙
d/xn--vx8h,🕢
d/xn--vq8h,👭
d/xn--dx8h,🕐
d/xn--3p8h,👒
d/xn--g48h,🙈
d/xn--rx8h,🕞
d/xn--4m8h,🏪
d/xn--vi8h,🍕
d/xn--j68h,🚑
d/xn--43h,☔
d/xn--45h,♚
d/xn--x4h,☰
d/xn--h48h,🙉
d/xn--i48h,🙊
d/xn--n68h,🚕
d/xn--k68h,🚒
d/xn--w78h,🛁
d/xn--s78h,🚽
d/xn--z4h,☲
d/xn--04h,☳
d/xn--y4h,☱
d/xn--75h,♝
d/xn--nei,❡
d/xn--tei,❧
d/xn--y5h,♔
d/xn--59h,⛧
d/xn--oei,❢
d/xn--qdi,❁
d/xn--m7h,⚎
d/xn--bbi,⛬
d/xn--pei,❣
d/xn--rei,❥
d/xn--j7h,⚋
d/xn--z5h,♕
d/xn--15h,♗
d/xn--sei,❦
d/xn--25h,♘
d/xn--36h,♼
d/xn--65h,♜
d/xn--24h,☵
d/xn--44h,☷
d/xn--05h,♖
d/xn--14h,☴
d/xn--46h,♽
d/xn--n7h,⚏
d/xn--l7h,⚍
d/xn--85h,♞
d/xn--34h,☶
d/xn--i7h,⚊
d/xn--k7h,⚌
d/xn--cdi,✳
d/xn--zs8h,💷
u/xn--ts8h,💱
u/xn--1m8h,🏧
u/xn--1xa,π
d/xn--tg8h,🌍
d/xn--sg8h,🌌
d/xn--ug8h,🌎
d/xn--vg8h,🌏
d/xn--wg8h,🌐
d/xn--8g8h,🌜
d/xn--2g8h,🌖
d/xn--xg8h,🌑
d/xn--zg8h,🌓
d/xn--6g8h,🌚
d/xn--7g8h,🌛
d/xn--4g8h,🌘
d/xn--3g8h,🌗
d/xn--5g8h,🌙
d/xn--yg8h,🌒
d/xn--1g8h,🌕
d/xn--0g8h,🌔
d/xn--ch8h,🌟
d/xn--ah8h,§
d/xn--bh8h,🌞
d/xn--rn8h,🐀
d/xn--dh8h,🌠
d/xn--sn8h,🐁
d/xn--3n8h,🐌
d/xn--7n8h,🐐
d/xn--1n8h,🐊
d/xn--6n8h,🐏
d/xn--do8h,🐕
d/xn--bo8h,🐓
d/xn--vn8h,🐄
d/xn--co8h,🐔
d/xn--4n8h,🐍
d/xn--eo8h,🐖
d/xn--wn8h,🐅
d/xn--yn8h,🐇
d/xn--2n8h,🐋
d/xn--un8h,🐃
d/xn--dn8h,🏲
d/xn--tn8h,🐂
d/xn--bn8h,🏰
d/xn--0n8h,🐉
d/xn--zn8h,🐈
d/xn--xn8h,🐆
d/xn--8n8h,🐑
d/xn--5n8h,🐎
d/xn--0o8h,🐬
8/xn--t4c,฿
d/xn--6j8h,🎃
d/xn--b7h,⚃
d/xn--53h,☕
d/xn--93h,☙
d/xn--76h,⚀
d/xn--86h,⚁
d/xn--96h,⚂
d/xn--c7h,⚄
d/xn--d7h,⚅
d/xn--efvv70d,新聞
d/xn--9nr,參
d/xn--pwhh,└┐
d/xn--nestl-fsa,nestlé
d/xn--80aaczf9e9c,абхазия
d/xn--jzut34a,推特
d/xn--4oqz13n,优酷
d/xn--80aavshf,амазон
d/xn--ur0ax2b1ys,脸谱网
d/xn--9krt00a2tec0i,新浪微博
d/xn--80ablb9db7b4a,щебетать
d/xn--q0a0blrajcfqdh3ba,Одноклассники
d/xn--3js032e7ich4g,维基百科
d/xn--80adlbihqogw6a,живойжурнал
d/xn--xkrw07agrai6elt5cplv,据新华网报道
d/xn--b1aeclack5b4j,википедия
d/xn--7hvq49f,易趣
d/xn--czru2ds1em3y,淘宝商城
d/xn--9sua,拍拍
d/xn--e0aq0euayqg7ac,ВКонтакте
d/xn--u2ua,搜搜
d/xn--80aqjb,маил
d/xn--4dbidn,יאהו
d/xn--c2b0ahb7gc9e,यूट्यूब
d/xn--61ba6bvdb4ab,चहचहाना
d/xn--6dbai3a,גוגל
d/xn--5dbika4bp0a,פייסבוק
d/xn--31ba5fwc,गूगल
d/xn--4dbkc5ah,אמזון
d/xn--7dbcbqab9ewa,ויקיפדיה
d/xn--11b7bd1c5b7a,फेसबुक
d/xn--s2buor,याहू
d/xn--l1b0ctbw5e2c,अमेज़न
d/xn--11by0av0a2dcbci,विकिपीडिया
d/xn--l1b2faw5dbk,अलीबाबा
d/xn--9dbahce5g,טוויטר
d/xn--rgba6eo,جوجل
d/xn--igbfg0e0brvtc,موقعئيبأي
d/xn--mgbabb6f0c9a,علىبابا
d/xn--mgbbw4hi,بايدو
d/xn--mgb8ddf,ياهو
d/xn--ngbd3gbhc,يوتيوب
d/xn--pgbav4gk,تويتر
d/xn--ngbv5bkyj,فيسبوك
d/xn--igbhb8b5ehjp,الأمازون
d/xn--8dbaco,יהוה
d/xn--4dbggq8a,אדוני
d/xn--r5ba5fsc,গুগল
d/xn--2dca5fwc,ગૂગલ
d/xn--mgbc6a5cmc5an,الفيسبوك
d/xn--k2ea9erab1o1fd,ហ្គូហ្គល
d/xn--d9b7bd1c5b7a7y,ਫੇਸਬੁੱਕ
d/xn--nsc7bd1c5b1a4cd0e,ಫೇಸ್ಬುಕ್
d/xn--1oca5ftcd3e,గూగుల్
d/xn--2e0b0k,구글
d/xn--p6ca1okb,ກູໂກ
d/xn--i2e3bxamd9nob0e5c,ហ្វេសប៊ុក
d/xn--p5b7bd1c5b7a,ফেসবুক
d/xn--qcka1pmc,グーグル
d/xn--zoc7bd1c5b7a6bd,ఫేస్బుక్
d/xn--pgbkf9a7e,تغريد
d/xn--ghbh22ab,گوگل
d/xn--eckfz3byc3fk,フェイスブック
d/xn--f9ba5fwc,ਗੂਗਲ
d/xn--psca5fwcvc,ಗೂಗಲ್
d/xn--mgbaaadb6q,الابابا
d/xn--0dc7bd1c5b7a,ફેસબુક
d/xn--p6c3co8b3d0b,ເຟສບຸກ
d/xn--lgbw1eyjc,ٹوئٹر
d/xn--c2ba5cs4cwe,ट्विटर
d/xn--l3caro1ablrc9fua5f9dhj7h,พูดเบาและรวดเร็ว
d/xn--fdbca7gbbe1kjq6b,פאַסעבאָאָק
d/xn--udcl6d9b3b8d,પક્ષીએ
d/xn--9ocaa2ewa4d2edc,ట్విట్టర్
d/xn--xsca5cs4cwee,ಟ್ವಿಟರ್
d/xn--pgbav4g44aa,توییتر
d/xn--wgb9b8hb82b,ٹویٹر
d/xn--b5b1cb2e7cp,টুইটার
d/xn--xpra82ka,叽叽喳喳
d/xn--g2ra78aa,嘰嘰喳喳
d/xn--r8jzaq6q,さえずり
d/xn--mgb0ewrlb,یاہو
d/xn--xh0bp01cnhb,지저귐
d/xn--9dbahcae9d5b,טוויטטער
d/xn--mgbac9kc,ايباي
d/xn--ygb4ar,سوق
d/xn--mgbabb6f0cyb,عليبابا
d/xn--mgb9dwhobxk9hbb,وکیپیڈیا
d/xn--mgbw0dfj30fba,ایمیزون
d/xn--ngb7da9q9oc,یوٹیوب
d/xn--65q67bz79bi9bp69e,澳門十六浦
a/xn--zfr164b,政务
a/xn--ygbi2ammx,فلسطين
a/xn--yfro4i67o,新加坡
a/xn--xkc2dl3a5ee0h,இந்தியா
a/xn--xkc2al3hye2a,இலங்கை
a/xn--wgbl6a,قطر
a/xn--wgbh1c,مصر
b/xn--i1b6b1a6a2e,संगठन
a/xn--unup4y,游戏
a/xn--s9brj9c,ਭਾਰਤ
a/xn--q9jyb4c,みんな
a/xn--pgbs0dh,تونس
a/xn--mgberp4a5d4ar,السعودية
a/xn--p1ai,рф
a/xn--ogbpf8fl,سورية
a/xn--o3cw4h,ไทย
a/xn--nqv7fs00ema,组织机构
a/xn--ngbc5azd,شبكة
a/xn--mgbx4cd0ab,مليسيا
b/xn--3bst00m,集团
a/xn--rhqv96g,世界
b/xn--3ds443g,在线
b/xn--d1acj3b,дети
b/xn--45brj9c,ভারত
a/xn--mgbc0a9azcg,المغرب
b/xn--h2brj9c,भारत
b/xn--fzc2c9e2c,ලංකා
b/xn--fiqz9s,中國
b/xn--fiqs8s,中国
b/xn--fiq64b,中信
b/xn--fiq228c5hs,中文网
b/xn--czru2d,商城
b/xn--czr694b,商标
b/xn--3e0b707e,한국
b/xn--cg4bki,삼성
b/xn--90a3ac,срб
b/xn--80aswg,сайт
b/xn--80asehdb,онлайн
b/xn--80ao21a,қаз
b/xn--80adxhks,москва
b/xn--6qq986b3xl,我爱你
b/xn--6frz82g,移动
b/xn--55qx5d,公司
b/xn--4gbrim,موقع
b/xn--c1avg,орг
a/xn--mgbbh1a71e,بھارت
a/xn--90a3ac,срб
a/xn--mgbab2bd,بازار
b/xn--wgbh1c,مصر
b/xn--unup4y,游戏
b/xn--ses554g,网址
a/xn--czru2d,商城
a/xn--czr694b,商标
a/xn--cg4bki,삼성
a/xn--c1avg,орг
b/xn--io0a7i,网络
a/xn--80aswg,сайт
a/xn--80asehdb,онлайн
a/xn--80ao21a,қаз
a/xn--6qq986b3xl,我爱你
a/xn--6frz82g,移动
a/xn--55qx5d,公司
a/xn--55qw42g,公益
a/xn--4gbrim,موقع
a/xn--45brj9c,ভারত
a/xn--3ds443g,在线
a/xn--3bst00m,集团
a/xn--80adxhks,москва
a/xn--nqv7f,机构
b/xn--wgbl6a,قطر
a/xn--mgbayh7gpa,الاردن
b/xn--xkc2dl3a5ee0h,இந்தியா
b/xn--ygbi2ammx,فلسطين
a/xn--mgbaam7a8h,امارات
a/xn--mgba3a4f16a,ایران
a/xn--lgbbat1ad8j,الجزائر
a/xn--l1acc,мон
a/xn--kput3i,手机
a/xn--kpry57d,台灣
a/xn--kprw13d,台湾
a/xn--j6w193g,香港
a/xn--j1amh,укр
a/xn--io0a7i,网络
a/xn--i1b6b1a6a2e,संगठन
a/xn--h2brj9c,भारत
a/xn--gecrj9c,ભારત
a/xn--fzc2c9e2c,ලංකා
a/xn--fpcrj9c3d,భారత్
a/xn--fiqz9s,中國
a/xn--fiqs8s,中国
a/xn--fiq64b,中信
a/xn--fiq228c5hs,中文网
a/xn--d1acj3b,дети
b/xn--zfr164b,政务
b/xn--yfro4i67o,新加坡
b/xn--j1amh,укр
b/xn--fpcrj9c3d,భారత్
b/xn--kprw13d,台湾
b/xn--j6w193g,香港
a/xn--3e0b707e,한국
b/xn--xkc2al3hye2a,இலங்கை
b/xn--s9brj9c,ਭਾਰਤ
b/xn--mgb9awbf,عمان
b/xn--clchc0ea0b2g2a9gcd,சிங்கப்பூர்
b/xn--55qw42g,公益
a/xn--ses554g,网址
a/xn--mgb9awbf,عمان
a/xn--clchc0ea0b2g2a9gcd,சிங்கப்பூர்
b/xn--rhqv96g,世界
b/xn--q9jyb4c,みんな
b/xn--pgbs0dh,تونس
b/xn--p1ai,рф
b/xn--ogbpf8fl,سورية
b/xn--gecrj9c,ભારત
b/xn--nqv7fs00ema,组织机构
b/xn--kpry57d,台灣
b/xn--kput3i,手机
b/xn--l1acc,мон
b/xn--lgbbat1ad8j,الجزائر
b/xn--o3cw4h,ไทย
b/xn--mgbaam7a8h,امارات
b/xn--mgbab2bd,بازار
b/xn--mgba3a4f16a,ایران
b/xn--mgbbh1a71e,بھارت
b/xn--mgbc0a9azcg,المغرب
b/xn--mgberp4a5d4ar,السعودية
b/xn--mgbx4cd0ab,مليسيا
b/xn--ngbc5azd,شبكة
b/xn--nqv7f,机构
b/xn--mgbayh7gpa,الاردن
c/xn--ogbpf8fl,سورية
c/xn--o3cw4h,ไทย
c/xn--nqv7fs00ema,组织机构
c/xn--nqv7f,机构
c/xn--ngbc5azd,شبكة
c/xn--mgba3a4f16a,ایران
c/xn--mgbc0a9azcg,المغرب
c/xn--mgbbh1a71e,بھارت
c/xn--mgbayh7gpa,الاردن
c/xn--mgbab2bd,بازار
c/xn--mgbaam7a8h,امارات
c/xn--mgberp4a5d4ar,السعودية
c/xn--p1ai,рф
c/xn--wgbl6a,قطر
c/xn--q9jyb4c,みんな
c/xn--rhqv96g,世界
c/xn--s9brj9c,ਭਾਰਤ
c/xn--ses554g,网址
c/xn--unup4y,游戏
c/xn--wgbh1c,مصر
c/xn--xkc2al3hye2a,இலங்கை
c/xn--xkc2dl3a5ee0h,இந்தியா
c/xn--ygbi2ammx,فلسطين
c/xn--zfr164b,政务
c/xn--80asehdb,онлайн
c/xn--mgbx4cd0ab,مليسيا
c/xn--yfro4i67o,新加坡
c/xn--mgb9awbf,عمان
c/xn--pgbs0dh,تونس
c/xn--lgbbat1ad8j,الجزائر
c/xn--d1acj3b,дети
c/xn--kput3i,手机
c/xn--3bst00m,集团
c/xn--3ds443g,在线
c/xn--45brj9c,ভারত
c/xn--4gbrim,موقع
c/xn--55qw42g,公益
c/xn--55qx5d,公司
c/xn--6frz82g,移动
c/xn--6qq986b3xl,我爱你
c/xn--80adxhks,москва
c/xn--80ao21a,қаз
c/xn--80aswg,сайт
c/xn--90a3ac,срб
c/xn--c1avg,орг
c/xn--cg4bki,삼성
c/xn--l1acc,мон
c/xn--clchc0ea0b2g2a9gcd,சிங்கப்பூர்
c/xn--czru2d,商城
c/xn--fiq228c5hs,中文网
c/xn--fiq64b,中信
c/xn--fiqs8s,中国
c/xn--fiqz9s,中國
c/xn--fpcrj9c3d,భారత్
c/xn--fzc2c9e2c,ලංකා
c/xn--gecrj9c,ભારત
c/xn--h2brj9c,भारत
c/xn--io0a7i,网络
c/xn--j1amh,укр
c/xn--j6w193g,香港
c/xn--kprw13d,台湾
c/xn--kpry57d,台灣
c/xn--czr694b,商标
c/xn--3e0b707e,한국
c/xn--i1b6b1a6a2e,संगठन
n/xn--wgbl6a,قطر
m/xn--6frz82g,移动
m/xn--55qw42g,公益
m/xn--4gbrim,موقع
m/xn--45brj9c,ভারত
m/xn--3e0b707e,한국
m/xn--3ds443g,在线
m/xn--3bst00m,集团
l/xn--zfr164b,政务
l/xn--yfro4i67o,新加坡
m/xn--6qq986b3xl,我爱你
l/xn--xkc2dl3a5ee0h,இந்தியா
l/xn--wgbl6a,قطر
l/xn--wgbh1c,مصر
l/xn--unup4y,游戏
l/xn--ses554g,网址
l/xn--s9brj9c,ਭਾਰਤ
l/xn--rhqv96g,世界
l/xn--q9jyb4c,みんな
l/xn--pgbs0dh,تونس
l/xn--p1ai,рф
l/xn--xkc2al3hye2a,இலங்கை
m/xn--80adxhks,москва
m/xn--80ao21a,қаз
m/xn--80asehdb,онлайн
m/xn--l1acc,мон
m/xn--kput3i,手机
m/xn--kpry57d,台灣
m/xn--kprw13d,台湾
m/xn--j6w193g,香港
m/xn--j1amh,укр
m/xn--io0a7i,网络
m/xn--i1b6b1a6a2e,संगठन
m/xn--h2brj9c,भारत
m/xn--gecrj9c,ભારત
m/xn--fzc2c9e2c,ලංකා
m/xn--fiqz9s,中國
m/xn--fiq64b,中信
m/xn--fiq228c5hs,中文网
m/xn--d1acj3b,дети
m/xn--czr694b,商标
m/xn--clchc0ea0b2g2a9gcd,சிங்கப்பூர்
m/xn--cg4bki,삼성
m/xn--c1avg,орг
m/xn--90a3ac,срб
m/xn--80aswg,сайт
l/xn--ogbpf8fl,سورية
m/xn--lgbbat1ad8j,الجزائر
l/xn--o3cw4h,ไทย
l/xn--mgbx4cd0ab,مليسيا
l/xn--czru2d,商城
l/xn--czr694b,商标
l/xn--clchc0ea0b2g2a9gcd,சிங்கப்பூர்
l/xn--cg4bki,삼성
l/xn--c1avg,орг
l/xn--90a3ac,срб
l/xn--80aswg,сайт
l/xn--80asehdb,онлайн
l/xn--80ao21a,қаз
l/xn--d1acj3b,дети
l/xn--80adxhks,москва
l/xn--55qx5d,公司
l/xn--55qw42g,公益
l/xn--4gbrim,موقع
l/xn--45brj9c,ভারত
l/xn--3e0b707e,한국
l/xn--ygbi2ammx,فلسطين
l/xn--3ds443g,在线
l/xn--3bst00m,集团
l/xn--nqv7f,机构
l/xn--6qq986b3xl,我爱你
l/xn--fiq228c5hs,中文网
l/xn--fiq64b,中信
l/xn--fiqs8s,中国
l/xn--mgberp4a5d4ar,السعودية
l/xn--mgbc0a9azcg,المغرب
l/xn--mgbbh1a71e,بھارت
l/xn--mgbayh7gpa,الاردن
l/xn--mgbab2bd,بازار
l/xn--mgbaam7a8h,امارات
l/xn--mgba3a4f16a,ایران
l/xn--mgb9awbf,عمان
l/xn--lgbbat1ad8j,الجزائر
l/xn--l1acc,мон
l/xn--kput3i,手机
l/xn--kprw13d,台湾
l/xn--j6w193g,香港
l/xn--j1amh,укр
l/xn--io0a7i,网络
l/xn--i1b6b1a6a2e,संगठन
l/xn--h2brj9c,भारत
l/xn--gecrj9c,ભારત
l/xn--fzc2c9e2c,ලංකා
l/xn--fpcrj9c3d,భారత్
l/xn--fiqz9s,中國
l/xn--nqv7fs00ema,组织机构
m/xn--mgb9awbf,عمان
m/xn--fiqs8s,中国
m/xn--mgbab2bd,بازار
n/xn--o3cw4h,ไทย
n/xn--nqv7fs00ema,组织机构
n/xn--nqv7f,机构
n/xn--ngbc5azd,شبكة
n/xn--mgbx4cd0ab,مليسيا
n/xn--mgberp4a5d4ar,السعودية
n/xn--mgbc0a9azcg,المغرب
n/xn--mgbbh1a71e,بھارت
m/xn--mgba3a4f16a,ایران
n/xn--mgbaam7a8h,امارات
n/xn--mgba3a4f16a,ایران
n/xn--mgb9awbf,عمان
n/xn--lgbbat1ad8j,الجزائر
n/xn--l1acc,мон
n/xn--kput3i,手机
n/xn--kpry57d,台灣
n/xn--kprw13d,台湾
n/xn--j6w193g,香港
n/xn--j1amh,укр
n/xn--io0a7i,网络
n/xn--i1b6b1a6a2e,संगठन
n/xn--ogbpf8fl,سورية
n/xn--h2brj9c,भारत
n/xn--p1ai,рф
n/xn--q9jyb4c,みんな
n/xn--mgbab2bd,بازار
n/xn--fpcrj9c3d,భారత్
n/xn--6qq986b3xl,我爱你
m/xn--wgbh1c,مصر
m/xn--mgbaam7a8h,امارات
m/xn--fpcrj9c3d,భారత్
m/xn--czru2d,商城
m/xn--55qx5d,公司
l/xn--ngbc5azd,شبكة
l/xn--kpry57d,台灣
l/xn--6frz82g,移动
n/xn--zfr164b,政务
n/xn--ygbi2ammx,فلسطين
n/xn--yfro4i67o,新加坡
n/xn--xkc2dl3a5ee0h,இந்தியா
n/xn--xkc2al3hye2a,இலங்கை
n/xn--wgbh1c,مصر
n/xn--unup4y,游戏
n/xn--ses554g,网址
n/xn--s9brj9c,ਭਾਰਤ
n/xn--rhqv96g,世界
n/xn--pgbs0dh,تونس
n/xn--gecrj9c,ભારત
n/xn--mgbayh7gpa,الاردن
n/xn--fiqz9s,中國
m/xn--xkc2dl3a5ee0h,இந்தியா
m/xn--xkc2al3hye2a,இலங்கை
m/xn--wgbl6a,قطر
m/xn--unup4y,游戏
m/xn--ses554g,网址
m/xn--s9brj9c,ਭਾਰਤ
m/xn--rhqv96g,世界
m/xn--q9jyb4c,みんな
m/xn--pgbs0dh,تونس
m/xn--yfro4i67o,新加坡
m/xn--p1ai,рф
n/xn--fzc2c9e2c,ලංකා
m/xn--nqv7fs00ema,组织机构
m/xn--nqv7f,机构
m/xn--ngbc5azd,شبكة
m/xn--mgbx4cd0ab,مليسيا
m/xn--mgberp4a5d4ar,السعودية
m/xn--mgbc0a9azcg,المغرب
m/xn--mgbbh1a71e,بھارت
m/xn--mgbayh7gpa,الاردن
m/xn--ogbpf8fl,سورية
m/xn--ygbi2ammx,فلسطين
m/xn--o3cw4h,ไทย
n/xn--3bst00m,集团
m/xn--zfr164b,政务
n/xn--fiqs8s,中国
n/xn--fiq64b,中信
n/xn--fiq228c5hs,中文网
n/xn--d1acj3b,дети
n/xn--czr694b,商标
n/xn--clchc0ea0b2g2a9gcd,சிங்கப்பூர்
n/xn--cg4bki,삼성
n/xn--c1avg,орг
n/xn--90a3ac,срб
n/xn--80aswg,сайт
n/xn--czru2d,商城
n/xn--80ao21a,қаз
n/xn--80adxhks,москва
n/xn--6frz82g,移动
n/xn--55qx5d,公司
n/xn--55qw42g,公益
n/xn--4gbrim,موقع
n/xn--45brj9c,ভারত
n/xn--3e0b707e,한국
n/xn--80asehdb,онлайн
n/xn--3ds443g,在线
o/xn--p1ai,рф
o/xn--ogbpf8fl,سورية
o/xn--o3cw4h,ไทย
o/xn--nqv7f,机构
o/xn--ngbc5azd,شبكة
o/xn--mgbx4cd0ab,مليسيا
o/xn--mgbab2bd,بازار
o/xn--mgbbh1a71e,بھارت
o/xn--mgbayh7gpa,الاردن
o/xn--mgbaam7a8h,امارات
o/xn--pgbs0dh,تونس
o/xn--mgba3a4f16a,ایران
o/xn--mgberp4a5d4ar,السعودية
o/xn--q9jyb4c,みんな
o/xn--3ds443g,在线
o/xn--s9brj9c,ਭਾਰਤ
o/xn--ses554g,网址
o/xn--unup4y,游戏
o/xn--wgbh1c,مصر
o/xn--wgbl6a,قطر
o/xn--xkc2al3hye2a,இலங்கை
o/xn--xkc2dl3a5ee0h,இந்தியா
o/xn--yfro4i67o,新加坡
o/xn--ygbi2ammx,فلسطين
o/xn--zfr164b,政务
o/xn--clchc0ea0b2g2a9gcd,சிங்கப்பூர்
o/xn--l1acc,мон
o/xn--nqv7fs00ema,组织机构
o/xn--mgb9awbf,عمان
o/xn--rhqv96g,世界
o/xn--lgbbat1ad8j,الجزائر
o/xn--mgbc0a9azcg,المغرب
o/xn--kpry57d,台灣
o/xn--3bst00m,集团
o/xn--3e0b707e,한국
o/xn--45brj9c,ভারত
o/xn--4gbrim,موقع
o/xn--55qw42g,公益
o/xn--55qx5d,公司
o/xn--6frz82g,移动
o/xn--6qq986b3xl,我爱你
o/xn--80adxhks,москва
o/xn--80ao21a,қаз
o/xn--80asehdb,онлайн
o/xn--80aswg,сайт
o/xn--90a3ac,срб
o/xn--c1avg,орг
o/xn--cg4bki,삼성
o/xn--kput3i,手机
o/xn--czru2d,商城
o/xn--czr694b,商标
o/xn--kprw13d,台湾
o/xn--j1amh,укр
o/xn--io0a7i,网络
o/xn--i1b6b1a6a2e,संगठन
o/xn--h2brj9c,भारत
o/xn--gecrj9c,ભારત
o/xn--j6w193g,香港
o/xn--fpcrj9c3d,భారత్
o/xn--fiqz9s,中國
o/xn--fiqs8s,中国
o/xn--fiq64b,中信
o/xn--fiq228c5hs,中文网
o/xn--fzc2c9e2c,ලංකා
o/xn--d1acj3b,дети
h/xn--lgbbat1ad8j,الجزائر
e/xn--ngbc5azd,شبكة
e/xn--mgbx4cd0ab,مليسيا
e/xn--mgberp4a5d4ar,السعودية
e/xn--mgbc0a9azcg,المغرب
e/xn--mgbbh1a71e,بھارت
e/xn--mgb9awbf,عمان
e/xn--mgba3a4f16a,ایران
e/xn--l1acc,мон
e/xn--nqv7f,机构
e/xn--kput3i,手机
e/xn--mgbayh7gpa,الاردن
e/xn--o3cw4h,ไทย
e/xn--3e0b707e,한국
e/xn--p1ai,рф
e/xn--pgbs0dh,تونس
e/xn--q9jyb4c,みんな
e/xn--rhqv96g,世界
e/xn--s9brj9c,ਭਾਰਤ
e/xn--ses554g,网址
e/xn--unup4y,游戏
e/xn--fiq228c5hs,中文网
e/xn--lgbbat1ad8j,الجزائر
e/xn--mgbaam7a8h,امارات
e/xn--nqv7fs00ema,组织机构
e/xn--kpry57d,台灣
e/xn--ogbpf8fl,سورية
e/xn--kprw13d,台湾
e/xn--mgbab2bd,بازار
e/xn--j1amh,укр
e/xn--3bst00m,集团
e/xn--j6w193g,香港
e/xn--3ds443g,在线
e/xn--45brj9c,ভারত
e/xn--4gbrim,موقع
e/xn--55qx5d,公司
e/xn--6frz82g,移动
e/xn--6qq986b3xl,我爱你
e/xn--80adxhks,москва
e/xn--80ao21a,қаз
e/xn--80asehdb,онлайн
e/xn--80aswg,сайт
e/xn--90a3ac,срб
e/xn--c1avg,орг
e/xn--55qw42g,公益
e/xn--clchc0ea0b2g2a9gcd,சிங்கப்பூர்
e/xn--io0a7i,网络
e/xn--i1b6b1a6a2e,संगठन
e/xn--cg4bki,삼성
e/xn--gecrj9c,ભારત
e/xn--fzc2c9e2c,ලංකා
e/xn--fpcrj9c3d,భారత్
e/xn--h2brj9c,भारत
e/xn--czru2d,商城
e/xn--fiqs8s,中国
e/xn--fiq64b,中信
e/xn--d1acj3b,дети
e/xn--czr694b,商标
e/xn--fiqz9s,中國
g/xn--nqv7fs00ema,组织机构
g/xn--nqv7f,机构
g/xn--ngbc5azd,شبكة
g/xn--mgbx4cd0ab,مليسيا
g/xn--mgberp4a5d4ar,السعودية
g/xn--mgbc0a9azcg,المغرب
g/xn--mgbbh1a71e,بھارت
g/xn--mgbayh7gpa,الاردن
g/xn--mgbab2bd,بازار
g/xn--io0a7i,网络
g/xn--mgb9awbf,عمان
g/xn--l1acc,мон
g/xn--kput3i,手机
g/xn--kpry57d,台灣
g/xn--kprw13d,台湾
g/xn--j6w193g,香港
h/xn--80asehdb,онлайн
g/xn--j1amh,укр
g/xn--o3cw4h,ไทย
g/xn--mgbaam7a8h,امارات
g/xn--ogbpf8fl,سورية
h/xn--3ds443g,在线
g/xn--pgbs0dh,تونس
g/xn--h2brj9c,भारत
h/xn--80ao21a,қаз
h/xn--80adxhks,москва
h/xn--6qq986b3xl,我爱你
h/xn--6frz82g,移动
h/xn--55qw42g,公益
h/xn--4gbrim,موقع
h/xn--45brj9c,ভারত
h/xn--3e0b707e,한국
h/xn--3bst00m,集团
g/xn--zfr164b,政务
g/xn--ygbi2ammx,فلسطين
g/xn--yfro4i67o,新加坡
g/xn--xkc2dl3a5ee0h,இந்தியா
g/xn--xkc2al3hye2a,இலங்கை
g/xn--wgbl6a,قطر
g/xn--wgbh1c,مصر
g/xn--ses554g,网址
g/xn--s9brj9c,ਭਾਰਤ
g/xn--rhqv96g,世界
g/xn--q9jyb4c,みんな
g/xn--p1ai,рф
g/xn--gecrj9c,ભારત
f/xn--mgberp4a5d4ar,السعودية
g/xn--fpcrj9c3d,భారత్
f/xn--xkc2al3hye2a,இலங்கை
f/xn--wgbl6a,قطر
f/xn--wgbh1c,مصر
f/xn--unup4y,游戏
f/xn--ses554g,网址
f/xn--s9brj9c,ਭਾਰਤ
f/xn--rhqv96g,世界
f/xn--q9jyb4c,みんな
f/xn--pgbs0dh,تونس
f/xn--p1ai,рф
f/xn--ogbpf8fl,سورية
f/xn--o3cw4h,ไทย
f/xn--nqv7fs00ema,组织机构
f/xn--nqv7f,机构
f/xn--ngbc5azd,شبكة
h/xn--80aswg,сайт
f/xn--mgbc0a9azcg,المغرب
f/xn--mgbbh1a71e,بھارت
f/xn--mgbayh7gpa,الاردن
f/xn--mgbab2bd,بازار
f/xn--mgbaam7a8h,امارات
f/xn--xkc2dl3a5ee0h,இந்தியா
f/xn--ygbi2ammx,فلسطين
f/xn--zfr164b,政务
g/xn--3bst00m,集团
g/xn--fiqz9s,中國
g/xn--fiqs8s,中国
g/xn--fiq64b,中信
g/xn--fiq228c5hs,中文网
g/xn--d1acj3b,дети
g/xn--czru2d,商城
g/xn--czr694b,商标
g/xn--clchc0ea0b2g2a9gcd,சிங்கப்பூர்
g/xn--c1avg,орг
g/xn--90a3ac,срб
g/xn--fzc2c9e2c,ලංකා
g/xn--80aswg,сайт
g/xn--80ao21a,қаз
g/xn--80adxhks,москва
g/xn--6qq986b3xl,我爱你
g/xn--6frz82g,移动
g/xn--55qx5d,公司
g/xn--55qw42g,公益
g/xn--4gbrim,موقع
g/xn--45brj9c,ভারত
g/xn--3e0b707e,한국
g/xn--3ds443g,在线
g/xn--80asehdb,онлайн
h/xn--90a3ac,срб
h/xn--yfro4i67o,新加坡
h/xn--cg4bki,삼성
i/xn--h2brj9c,भारत
i/xn--gecrj9c,ભારત
i/xn--fzc2c9e2c,ලංකා
i/xn--fpcrj9c3d,భారత్
i/xn--fiqz9s,中國
i/xn--fiqs8s,中国
i/xn--fiq64b,中信
i/xn--fiq228c5hs,中文网
i/xn--d1acj3b,дети
i/xn--i1b6b1a6a2e,संगठन
i/xn--czru2d,商城
i/xn--cg4bki,삼성
i/xn--c1avg,орг
i/xn--90a3ac,срб
i/xn--80aswg,сайт
i/xn--80asehdb,онлайн
i/xn--80ao21a,қаз
i/xn--80adxhks,москва
i/xn--6qq986b3xl,我爱你
i/xn--6frz82g,移动
i/xn--czr694b,商标
i/xn--io0a7i,网络
i/xn--j1amh,укр
i/xn--kprw13d,台湾
f/xn--mgba3a4f16a,ایران
i/xn--kput3i,手机
i/xn--j6w193g,香港
i/xn--clchc0ea0b2g2a9gcd,சிங்கப்பூர்
i/xn--3e0b707e,한국
h/xn--rhqv96g,世界
h/xn--fiq228c5hs,中文网
h/xn--55qx5d,公司
g/xn--unup4y,游戏
g/xn--mgba3a4f16a,ایران
g/xn--lgbbat1ad8j,الجزائر
g/xn--i1b6b1a6a2e,संगठन
g/xn--cg4bki,삼성
f/xn--yfro4i67o,新加坡
f/xn--mgbx4cd0ab,مليسيا
f/xn--i1b6b1a6a2e,संगठन
f/xn--cg4bki,삼성
f/xn--3bst00m,集团
i/xn--lgbbat1ad8j,الجزائر
i/xn--l1acc,мон
i/xn--kpry57d,台灣
i/xn--55qx5d,公司
i/xn--55qw42g,公益
i/xn--4gbrim,موقع
i/xn--45brj9c,ভারত
h/xn--mgba3a4f16a,ایران
h/xn--mgb9awbf,عمان
h/xn--l1acc,мон
h/xn--kput3i,手机
h/xn--kpry57d,台灣
h/xn--kprw13d,台湾
h/xn--j6w193g,香港
h/xn--j1amh,укр
h/xn--io0a7i,网络
h/xn--i1b6b1a6a2e,संगठन
h/xn--h2brj9c,भारत
h/xn--gecrj9c,ભારત
h/xn--fzc2c9e2c,ලංකා
h/xn--fpcrj9c3d,భారత్
h/xn--fiqz9s,中國
h/xn--fiqs8s,中国
h/xn--fiq64b,中信
h/xn--d1acj3b,дети
h/xn--czru2d,商城
h/xn--czr694b,商标
h/xn--clchc0ea0b2g2a9gcd,சிங்கப்பூர்
h/xn--mgbaam7a8h,امارات
h/xn--c1avg,орг
h/xn--mgbab2bd,بازار
h/xn--mgbbh1a71e,بھارت
i/xn--3ds443g,在线
i/xn--3bst00m,集团
h/xn--zfr164b,政务
h/xn--ygbi2ammx,فلسطين
h/xn--xkc2dl3a5ee0h,இந்தியா
h/xn--xkc2al3hye2a,இலங்கை
h/xn--wgbl6a,قطر
h/xn--wgbh1c,مصر
h/xn--unup4y,游戏
h/xn--ses554g,网址
h/xn--s9brj9c,ਭਾਰਤ
h/xn--q9jyb4c,みんな
h/xn--pgbs0dh,تونس
h/xn--p1ai,рф
h/xn--o3cw4h,ไทย
h/xn--nqv7fs00ema,组织机构
h/xn--nqv7f,机构
h/xn--ngbc5azd,شبكة
h/xn--mgbx4cd0ab,مليسيا
h/xn--mgberp4a5d4ar,السعودية
h/xn--mgbc0a9azcg,المغرب
h/xn--mgbayh7gpa,الاردن
f/xn--mgb9awbf,عمان
h/xn--ogbpf8fl,سورية
f/xn--l1acc,мон
f/xn--80ao21a,қаз
f/xn--80adxhks,москва
f/xn--6qq986b3xl,我爱你
f/xn--6frz82g,移动
f/xn--55qx5d,公司
f/xn--55qw42g,公益
f/xn--4gbrim,موقع
f/xn--45brj9c,ভারত
f/xn--3e0b707e,한국
f/xn--3ds443g,在线
e/xn--zfr164b,政务
e/xn--ygbi2ammx,فلسطين
e/xn--yfro4i67o,新加坡
e/xn--xkc2dl3a5ee0h,இந்தியா
e/xn--xkc2al3hye2a,இலங்கை
e/xn--wgbl6a,قطر
f/xn--lgbbat1ad8j,الجزائر
f/xn--80asehdb,онлайн
f/xn--80aswg,сайт
e/xn--wgbh1c,مصر
f/xn--c1avg,орг
f/xn--kput3i,手机
f/xn--kpry57d,台灣
f/xn--kprw13d,台湾
f/xn--j6w193g,香港
f/xn--j1amh,укр
f/xn--h2brj9c,भारत
f/xn--gecrj9c,ભારત
f/xn--fzc2c9e2c,ලංකා
f/xn--io0a7i,网络
f/xn--fiqz9s,中國
f/xn--clchc0ea0b2g2a9gcd,சிங்கப்பூர்
f/xn--fpcrj9c3d,భారత్
f/xn--czr694b,商标
f/xn--czru2d,商城
f/xn--90a3ac,срб
f/xn--fiq228c5hs,中文网
f/xn--fiq64b,中信
f/xn--fiqs8s,中国
f/xn--d1acj3b,дети
k/xn--q9jyb4c,みんな
k/xn--wgbl6a,قطر
k/xn--wgbh1c,مصر
k/xn--unup4y,游戏
k/xn--ses554g,网址
k/xn--rhqv96g,世界
k/xn--xkc2al3hye2a,இலங்கை
k/xn--mgberp4a5d4ar,السعودية
k/xn--p1ai,рф
k/xn--ogbpf8fl,سورية
k/xn--o3cw4h,ไทย
k/xn--nqv7fs00ema,组织机构
k/xn--nqv7f,机构
k/xn--ngbc5azd,شبكة
k/xn--mgbx4cd0ab,مليسيا
k/xn--xkc2dl3a5ee0h,இந்தியா
k/xn--pgbs0dh,تونس
k/xn--yfro4i67o,新加坡
i/xn--mgberp4a5d4ar,السعودية
k/xn--zfr164b,政务
k/xn--mgbc0a9azcg,المغرب
i/xn--q9jyb4c,みんな
i/xn--pgbs0dh,تونس
i/xn--p1ai,рф
i/xn--ogbpf8fl,سورية
i/xn--o3cw4h,ไทย
i/xn--nqv7f,机构
k/xn--ygbi2ammx,فلسطين
i/xn--ngbc5azd,شبكة
i/xn--mgbc0a9azcg,المغرب
i/xn--mgbbh1a71e,بھارت
i/xn--mgbayh7gpa,الاردن
i/xn--mgbab2bd,بازار
i/xn--mgbaam7a8h,امارات
i/xn--mgba3a4f16a,ایران
i/xn--mgb9awbf,عمان
i/xn--mgbx4cd0ab,مليسيا
k/xn--mgbbh1a71e,بھارت
k/xn--d1acj3b,дети
k/xn--mgbab2bd,بازار
k/xn--clchc0ea0b2g2a9gcd,சிங்கப்பூர்
k/xn--cg4bki,삼성
k/xn--c1avg,орг
k/xn--90a3ac,срб
k/xn--80aswg,сайт
k/xn--80asehdb,онлайн
k/xn--80ao21a,қаз
k/xn--czr694b,商标
k/xn--80adxhks,москва
k/xn--6frz82g,移动
k/xn--55qx5d,公司
k/xn--55qw42g,公益
k/xn--4gbrim,موقع
k/xn--45brj9c,ভারত
k/xn--3ds443g,在线
k/xn--3bst00m,集团
k/xn--6qq986b3xl,我爱你
k/xn--mgbayh7gpa,الاردن
k/xn--czru2d,商城
k/xn--fiqs8s,中国
k/xn--mgbaam7a8h,امارات
k/xn--mgba3a4f16a,ایران
k/xn--mgb9awbf,عمان
k/xn--l1acc,мон
k/xn--kput3i,手机
k/xn--kpry57d,台灣
k/xn--kprw13d,台湾
i/xn--rhqv96g,世界
k/xn--j6w193g,香港
k/xn--io0a7i,网络
k/xn--i1b6b1a6a2e,संगठन
k/xn--h2brj9c,भारत
k/xn--gecrj9c,ભારત
k/xn--fzc2c9e2c,ලංකා
k/xn--fpcrj9c3d,భారత్
k/xn--fiqz9s,中國
k/xn--j1amh,укр
i/xn--s9brj9c,ਭਾਰਤ
k/xn--fiq64b,中信
i/xn--unup4y,游戏
j/xn--pgbs0dh,تونس
j/xn--p1ai,рф
j/xn--ogbpf8fl,سورية
j/xn--o3cw4h,ไทย
j/xn--nqv7f,机构
j/xn--ngbc5azd,شبكة
j/xn--mgbx4cd0ab,مليسيا
j/xn--q9jyb4c,みんな
j/xn--mgberp4a5d4ar,السعودية
j/xn--mgbbh1a71e,بھارت
j/xn--mgbayh7gpa,الاردن
j/xn--mgbab2bd,بازار
j/xn--mgbaam7a8h,امارات
j/xn--mgba3a4f16a,ایران
j/xn--mgb9awbf,عمان
j/xn--lgbbat1ad8j,الجزائر
j/xn--mgbc0a9azcg,المغرب
j/xn--kput3i,手机
j/xn--rhqv96g,世界
j/xn--ses554g,网址
j/xn--nqv7fs00ema,组织机构
j/xn--l1acc,мон
j/xn--3ds443g,在线
i/xn--nqv7fs00ema,组织机构
k/xn--s9brj9c,ਭਾਰਤ
k/xn--lgbbat1ad8j,الجزائر
k/xn--fiq228c5hs,中文网
j/xn--s9brj9c,ਭਾਰਤ
k/xn--3e0b707e,한국
j/xn--ygbi2ammx,فلسطين
j/xn--yfro4i67o,新加坡
j/xn--xkc2dl3a5ee0h,இந்தியா
j/xn--xkc2al3hye2a,இலங்கை
j/xn--wgbl6a,قطر
j/xn--wgbh1c,مصر
j/xn--unup4y,游戏
j/xn--zfr164b,政务
j/xn--kpry57d,台灣
j/xn--clchc0ea0b2g2a9gcd,சிங்கப்பூர்
j/xn--j6w193g,香港
j/xn--80adxhks,москва
j/xn--6qq986b3xl,我爱你
j/xn--6frz82g,移动
j/xn--55qx5d,公司
j/xn--55qw42g,公益
j/xn--4gbrim,موقع
j/xn--45brj9c,ভারত
j/xn--3e0b707e,한국
j/xn--3bst00m,集团
i/xn--zfr164b,政务
i/xn--ygbi2ammx,فلسطين
i/xn--yfro4i67o,新加坡
i/xn--xkc2dl3a5ee0h,இந்தியா
i/xn--xkc2al3hye2a,இலங்கை
i/xn--wgbl6a,قطر
i/xn--wgbh1c,مصر
j/xn--kprw13d,台湾
j/xn--80ao21a,қаз
j/xn--80asehdb,онлайн
i/xn--ses554g,网址
j/xn--fzc2c9e2c,ලංකා
j/xn--i1b6b1a6a2e,संगठन
j/xn--h2brj9c,भारत
j/xn--gecrj9c,ભારત
j/xn--80aswg,сайт
j/xn--fpcrj9c3d,భారత్
j/xn--fiqz9s,中國
j/xn--fiqs8s,中国
j/xn--fiq64b,中信
j/xn--fiq228c5hs,中文网
j/xn--d1acj3b,дети
j/xn--czru2d,商城
j/xn--czr694b,商标
j/xn--cg4bki,삼성
j/xn--c1avg,орг
j/xn--90a3ac,срб
j/xn--io0a7i,网络
j/xn--j1amh,укр
d/xn--90aoahqe0a,биткоин
u/xn--h1adnddo,крипто
d/xn--h1adnddo,крипто
d/xn--cjrr4g710f,国際化
d/xn--eck4dk0p,ネイバー
d/xn--n8juczb8ml64m5r6a,気の利いたィ
d/xn--cckyea6h,アリババ
d/xn--pbt173b4rl,淘宝網
d/xn--cckbak0byl6e,ウィキペディア
d/xn--ccktf6azc,アメブロ
d/xn--cckye1b2f,アメーバ
d/xn--cckwcxetd,アマゾン
d/xn--dckxay2n,ミクシィ
d/xn--sdk3aze,ヤフー
d/xn--obkh4970b,携わる
d/xn--6qq79v,你好
d/xn--h9jeami8py253a,ちょっと待って
d/xn--fiq53l90e917afrv,中央电视台
d/xn--fiq228c,中文
d/xn--fiq4mp3eqscr2bfxgex2c,中华人民共和国
d/xn--xkrr14bows,新华网
d/xn--xkrr14bba831r,新华新社
d/xn--gmq889bklct2i,人民日报
d/xn--rsso19b,天涯
d/xn--pbtu44fchd,萄宝网
d/xn--eqrt2g,域名
d/xn--pbt135g,萄宝
d/xn--vuqz89a,微信
d/xn--3jsy95k,基金
d/xn--3lrp07c,正卷
d/xn--vpvo06f,期货
d/xn--fjqu61n,乐透
d/xn--fiqs8s856bruk,中国银行
d/xn--yets76e,小米
d/xn--tc-wvi,฿tc
d/xn--r-2fa.bit,rå.bit
u/d/xn--r-2fa,rå
d/xn--smrgsbord-82a8p,smörgåsbord
d/xn----7sbabhcv6b1cfn,слава-света
d/xn--80aaagbs1b9bem,славасвета
id/xn--80aaagbs1b9bem,славасвета
id/xn----7sbabhcv6b1cfn,слава-света
d/xn--burzn-xta,burzòn
d/xn--s-fka57flcd2d,ɥsıɯɐɥ
d/xn--cz8h,🖕
d/xn--kfsr23j,论坛
d/xn--lc-0ka,lýc
d/xn--9g8h,🌝
d/xn--tqh,⑂
d/xn--h9h,⛏
d/xn--4i8h,🍞
d/xn--u3h,☊
d/xn--vdi,❆
d/xn--xbi,✂
d/xn--zci,✧
d/xn--o68h,🚖
d/xn--v78h,🛀
d/xn--b78h,🚬
d/xn--r7h,⚓
d/xn--x7h,⚙
d/xn--f28h,😁
d/xn--bw8h,🔫
d/xn--qv8h,🔗
d/xn--jv8h,🔐
d/xn--e28h,😀
d/xn--ji8h,🍉
d/xn--bi8h,🍁
d/xn--el8h,🎭
d/xn--oj8h,🍱
d/xn--ft8h,📆
d/xn--jo8h,🐛
d/xn--qi8h,🍐
d/xn--gj8h,🍩
d/xn--2k8h,🎢
d/xn--9k8h,🎩
d/xn--8di,❓
d/xn--7m8h,🏭
d/xn--du8h,📧
d/xn--2di,❍
d/xn--0i8h,🍚
d/xn--mk8h,🎒
d/xn--8i8h,🍢
d/xn--2h8h,🌹
d/xn--2u8h,🔀
d/xn--9u8h,🔇
d/xn--rj8h,🍴
d/xn--9di,❔
d/xn--ci8h,🍂
d/xn--rdi,❂
d/xn--3h8h,🌺
d/xn--3di,❎
d/xn--xdi,❈
d/xn--ri8h,🍑
d/xn--ii8h,🍈
d/xn--6i8h,🍠
d/xn--fj8h,🍨
d/xn--zi8h,🍙
d/xn--0k8h,🎠
d/xn--hj8h,🍪
d/xn--gl8h,🎯
d/xn--nk8h,🎓
d/xn--pj8h,🍲
d/xn--bl8h,🎪
d/xn--zm8h,🏥
d/xn--9m8h,🏯
d/xn--ko8h,🐜
d/xn--vo8h,🐧
d/xn--4h8h,🌻
d/xn--mj8h,🍯
d/xn--hi8h,🍇
d/xn--si8h,🍒
d/xn--7u8h,🔅
d/xn--89h,⛪
d/xn--gi8h,🍆
d/xn--5k8h,🎥
d/xn--so8h,🐤
d/xn--ht8h,📈
d/xn--lj8h,🍮
d/xn--hv8h,🔎
d/xn--pu8h,📳
d/xn--e38h,😣
d/xn--yl8h,🏁
d/xn--d28h,🗿
d/xn--028h,😖
d/xn--iu8h,📬
d/xn--9v8h,🔪
d/xn--3k8h,🎣
d/xn--udi,❅
d/xn--xi8h,🍗
d/xn--3i8h,🍝
d/xn--uo8h,🐦
d/xn--wdi,❇
d/xn--eu8h,📨
d/xn--ym8h,🏤
d/xn--7h8h,🌾
d/xn--cu8h,📦
d/xn--8v8h,🔩
d/xn--lv8h,🔒
d/xn--hbi,⛲
d/xn--39h,⛥
d/xn--wu8h,📺
d/xn--po8h,🐡
d/xn--jj8h,🍬
d/xn--m28h,😈
d/xn--x28h,😓
d/xn--mo8h,🐞
d/xn--xm8h,🏣
d/xn--zu8h,📽
d/xn--ru8h,📵
d/xn--228h,😘
d/xn--fw8h,🔯
d/xn--n28h,😉
d/xn--su8h,📶
d/xn--go8h,🐘
d/xn--v28h,😑
d/xn--mi8h,🍌
d/xn--nv8h,🔔
d/xn--mv8h,🔓
d/xn--i38h,😧
d/xn--oi8h,🍎
d/xn--528h,😛
d/xn--6h8h,🌽
d/xn--cv8h,🔉
d/xn--pi8h,🍏
d/xn--it8h,📉
d/xn--dw8h,🔭
d/xn--cei,❖
d/xn--tj8h,🍶
d/xn--sj8h,🍵
d/xn--928h,😟
d/xn--5v8h,🔦
d/xn--cj8h,🍥
d/xn--uu8h,📸
d/xn--xv8h,🔞
d/xn--kl8h,🎳
d/xn--g38h,😥
d/xn--ju8h,📭
d/xn--5i8h,🍟
d/xn--li8h,🍋
d/xn--w28h,😒
d/xn--to8h,🐥
d/xn--fi8h,🍅
d/xn--3u8h,🔁
d/xn--dv8h,🔊
d/xn--0di,❋
d/xn--q28h,😌
d/xn--sdi,❃
d/xn--ydi,❉
d/xn--b38h,😠
d/xn--19h,⛣
d/xn--dei,❗
d/xn--vu8h,📹
d/xn--di8h,🍃
d/xn--j38h,😨
d/xn--128h,😗
d/xn--i28h,😄
d/xn--29h,⛤
d/xn--h28h,😃
d/xn--49h,⛦
d/xn--u28h,😐
d/xn--cw8h,🔬
d/xn--728h,😝
d/xn--t28h,😏
d/xn--kj8h,🍭
d/xn--c28h,🗾
d/xn--4di,❏
d/xn--9t8h,📤
d/xn--p28h,😋
d/xn--628h,😜
d/xn--mu8h,📰
d/xn--6di,❑
d/xn--d38h,😢
d/xn--g28h,😂
d/xn--zdi,❊
d/xn--l28h,😇
d/xn--428h,😚
d/xn--nu8h,📱
d/xn--qu8h,📴
d/xn--1di,❌
d/xn--8u8h,🔆
d/xn--c38h,😡
d/xn--yu8h,📼
d/xn--wm8h,🏢
d/xn--ev8h,🔋
d/xn--fo8h,🐗
d/xn--lu8h,📯
d/xn--sl8h,🎻
d/xn--bj8h,🍤
d/xn--5di,❐
d/xn--nj8h,🍰
d/xn--tu8h,📷
d/xn--z28h,😕
d/xn--gu8h,📪
d/xn--ov8h,🔕
d/xn--6u8h,🔄
d/xn--gv8h,🔍
d/xn--bu8h,📥
d/xn--qj8h,🍳
d/xn--9i8h,🍣
d/xn--bei,❕
d/xn--6v8h,🔧
d/xn--no8h,🐟
d/xn--s28h,😎
d/xn--1i8h,🍛
d/xn--5h8h,🌼
d/xn--5u8h,🔃
d/xn--jt8h,📊
d/xn--7di,❒
d/xn--ew8h,🔮
d/xn--ku8h,📮
d/xn--dj8h,🍦
d/xn--328h,😙
d/xn--ho8h,🐙
d/xn--vm8h,🏡
d/xn--2i8h,🍜
d/xn--ni8h,🍍
d/xn--fu8h,📩
d/xn--kv8h,🔑
d/xn--j28h,😅
d/xn--1k8h,🎡
d/xn--ti8h,🍓
d/xn--fv8h,🔌
d/xn--xl8h,🏀
d/xn--818h,🗻
d/xn--ej8h,🍧
d/xn--f38h,😤
d/xn--gw8h,🔰
d/xn--7v8h,🔨
d/xn--4v8h,🔥
d/xn--k28h,😆
d/xn--4u8h,🔂
d/xn--828h,😞
d/xn--ou8h,📲
d/xn--hu8h,📫
d/xn--ro8h,🐣
d/xn--hw8h,🔱
d/xn--6k8h,🎦
d/xn--r28h,😍
d/xn--8t8h,📣
d/xn--xu8h,📻
d/xn--yi8h,🍘
d/xn--bv8h,🔈
d/xn--h38h,😦
d/xn--um8h,🏠
d/xn--pv8h,🔖
d/xn--oo8h,🐠
d/xn--y28h,😔
d/xn--iv8h,🔏
d/xn--r3h,☇
d/xn--x3h,☍
d/xn--83h,☘
d/xn--g4h,☟
d/xn--s3h,☈
d/xn--f4h,☞
d/xn--33h,☓
d/xn--y8h,⚽
d/xn--73h,☗
d/xn--03h,☐
d/xn--23h,☒
d/xn--v3h,☋
d/xn--c4h,☛
d/xn--63h,☖
d/xn--d4h,☜
d/xn--w3h,☌
d/xn--e4h,☝
d/xn--x9h,⛟
d/xn--k9h,⛒
d/xn--ebi,⛯
d/xn--v9h,⛝
d/xn--q9h,⛘
d/xn--78h,⛆
d/xn--rbi,⛼
d/xn--obi,⛹
d/xn--ubi,⛿
d/xn--79h,⛩
d/xn--98h,⛈
d/xn--fbi,⛰
d/xn--o9h,⛖
d/xn--69h,⛨
d/xn--ibi,⛳
d/xn--p9h,⛗
d/xn--nbi,⛸
d/xn--w9h,⛞
d/xn--58h,⛄
d/xn--t9h,⛛
d/xn--lbi,⛶
d/xn--l9h,⛓
d/xn--5bi,✊
d/xn--r9h,⛙
d/xn--2bi,✇
d/xn--wbi,✁
d/xn--c9h,⛊
d/xn--y9h,⛠
d/xn--g9h,⛎
d/xn--28h,⛁
d/xn--j9h,⛑
d/xn--pbi,⛺
d/xn--dbi,⛮
d/xn--u9h,⛜
d/xn--ybi,✃
d/xn--08h,⚿
d/xn--f9h,⛍
d/xn--z9h,⛡
d/xn--48h,⛃
d/xn--kbi,⛵
d/xn--jbi,⛴
d/xn--cbi,⛭
d/xn--0bi,✅
d/xn--qbi,⛻
d/xn--88h,⛇
d/xn--6bi,✋
d/xn--38h,⛂
d/xn--m9h,⛔
d/xn--68h,⛅
d/d/xn--b9h,⛉
d/xn--e9h,⛌
d/xn--z8h,⚾
d/xn--n9h,⛕
d/xn--09h,⛢
d/xn--tbi,⛾
d/xn--18h,⛀
d/xn--mbi,⛷
d/xn--i9h,⛐
d/xn--gbi,⛱
d/xn--99h,⛫
d/xn--s9h,⛚
d/xn--d9h,⛋
d/xn--edi,✵
d/xn--hdi,✸
d/xn--yci,✦
d/xn--rci,✟
d/xn--oci,✜
d/xn--cci,✐
d/xn--9ci,✱
d/xn--wci,✤
d/xn--dci,✑
d/xn--eci,✒
d/xn--nci,✛
d/xn--0ci,✨
d/xn--fdi,✶
d/xn--lci,✙
d/xn--bdi,✲
d/xn--4ci,✬
d/xn--gdi,✷
d/xn--7ci,✯
d/xn--qci,✞
d/xn--hci,✕
d/xn--2ci,✪
d/xn--ici,✖
d/d/xn--mci,✚
d/xn--vci,✣
d/xn--xci,✥
d/xn--uci,✢
d/xn--mg8h,🌆
d/xn--2m8h,🏨
d/xn--xj8h,🍺
d/xn--3m8h,🏩
d/xn--lk8h,🎑
d/xn--xh8h,🌴
d/xn--fp8h,🐺
d/xn--3o8h,🐯
d/xn--9o8h,🐵
d/xn--6m8h,🏬
d/xn--cp8h,🐷
d/xn--hk8h,🎍
d/xn--uj8h,🍷
d/xn--yj8h,🍻
d/xn--zo8h,🐫
d/xn--kg8h,🌄
d/xn--1h8h,🌸
d/xn--zl8h,🏂
d/xn--5o8h,🐱
d/xn--,
d/xn--ul8h,🎽
d/xn--vl8h,🎾
d/xn--pg8h,🌉
d/xn--mdi,✽
d/xn--ig8h,🌂
d/xn--pdi,❀
d/xn--wh8h,🌳
d/xn--5j8h,🎂
d/xn--0h8h,🌷
d/xn--kk8h,🎐
d/xn--jdi,✺
d/xn--ng8h,🌇
d/xn--th8h,🌰
d/xn--bp8h,🐶
d/xn--8o8h,🐴
d/xn--ldi,✼
d/xn--1o8h,🐭
d/xn--hgh8,
d/xn--gk8h,🎌
d/xn--4l8h,🏇
d/xn--2o8h,🐮
d/xn--yo8h,🐪
d/xn--gp8h,🐻
d/xn--ck8h,🎈
d/xn--wj8h,🍹
d/xn--jg8h,🌃
d/xn--6o8h,🐲
d/xn--vh8h,🌲
d/xn--vj8h,🍸
d/xn--7o8h,🐳
d/xn--ol8h,🎷
d/xn--fk8h,🎋
d/xn--3l8h,🏆
d/xn--1l8h,🏄
d/xn--jp8h,🐾
d/xn--dp8h,🐸
d/xn--zj8h,🍼
d/xn--lg8h,🌅
d/xn--6l8h,🏉
d/xn--7j8h,🎄
d/xn--9j8h,🎆
d/xn--7l8h,🏊
d/xn--hp8h,🐼
d/xn--bk8h,🎇
d/xn--ik8h,🎎
d/xn--ek8h,🎊
d/xn--kdi,✻
d/xn--8m8h,🏮
d/xn--jk8h,🎏
d/xn--ndi,✾
d/xn--0l8h,🏃
d/xn--ep8h,🐹
d/xn--yh8h,🌵
d/xn--rg8h,🌋
d/xn--xo8h,🐩
d/xn--ll8h,🎴
d/xn--4o8h,🐰
d/xn--pl8h,🎸
d/xn--5m8h,🏫
d/xn--5l8h,🏈
d/xn--rl8h,🎺
d/xn--dk8h,🎉
d/xn--13h,☑
d/xn--3ci,✫
d/xn--6ci,✮
d/xn--5ci,✭
d/xn--b4h,☚
d/xn--idi,✹
d/xn--lp8h,👀
d/xn--tp8h,👈
d/xn--2p8h,👑
d/xn--vp8h,👊
d/xn--pp8h,👄
d/xn--sp8h,👇
d/xn--5p8h,👔
d/xn--zp8h,👎
d/xn--4p8h,👓
d/xn--0p8h,👏
d/xn--mp8h,👁
d/xn--up8h,👉
d/xn--np8h,👂
d/xn--op8h,👃
d/xn--qp8h,👅
d/xn--wp8h,👋
d/xn--rp8h,👆
d/xn--8ph8,
d/xn--mq8h,👤
d/xn--iq8h,👠
d/xn--9p8h,👘
d/xn--nq8h,👥
d/xn--jq8h,👡
d/xn--lq8h,👣
d/xn--eq8h,👜
d/xn--7p8h,👖
d/xn--gq8h,👞
d/xn--kq8h,👢
d/xn--cq8h,👚
d/xn--bq8h,👙
d/xn--6p8h,👕
d/xn--hq8h,👟
d/xn--8q8h,👺
d/xn--sr8h,💍
d/xn--tr8h,💎
d/xn--or8h,💉
d/xn--jr8h,💄
d/xn--qq8h,👨
d/xn--rr8h,💌
d/xn--mr8h,💇
d/xn--rq8h,👩
d/xn--sq8h,👪
d/xn--6q8h,👸
d/xn--9q8h,👻
d/xn--5q8h,👷
d/xn--zq8h,👱
d/xn--hr8h,💂
d/xn--tq8h,👫
d/xn--nr8h,💈
d/xn--0q8h,👲
d/xn--3q8h,👵
d/xn--kr8h,💅
d/xn--yq8h,👰
d/xn--lr8h,💆
d/xn--4q8h,👶
d/xn--pr8h,💊
d/xn--cr8h,👽
d/xn--qr8h,💋
d/xn--2q8h,👴
d/xn--dr8h,👾
d/xn--ir8h,💃
d/xn--uq8h,👬
d/xn--ur8h,💏
d/xn--wr8h,💑
d/xn--xr8h,💒
d/xn--pq8h,👧
d/xn--vr8h,💐
d/xn--br8h,👼
d/xn--gr8h,💁
d/xn--1q8h,👳
d/xn--zr8h,💔
d/xn--ms8h,💪
d/xn--3t8h,📞
d/xn--k38h,😩
d/xn--2t8h,📝
d/xn--zt8h,📚
d/xn--n38h,😬
d/xn--7t8h,📢
d/xn--338h,😼
d/xn--u38h,😳
d/xn--pt8h,📐
d/xn--x38h,😶
d/xn--qt8h,📑
d/xn--vt8h,📖
d/xn--ot8h,📏
d/xn--v38h,😴
d/xn--dt8h,📄
d/xn--ps8h,💭
d/xn--t38h,😲
d/xn--8r8h,💝
d/xn--rv8h,🔘
d/xn--6t8h,📡
d/xn--bs8h,💟
d/xn--fs8h,💣
d/xn--z38h,😸
d/xn--7r8h,💜
d/xn--6r8h,💛
d/xn--1t8h,📜
d/xn--0r8h,💕
d/xn--is8h,💦
d/xn--138h,😺
d/xn--ds8h,💡
d/xn--lt8h,📌
d/xn--rs8h,💯
d/xn--o38h,😭
d/xn--3r8h,💘
d/xn--ls8h,💩
d/xn--ks8h,💨
d/xn--4t8h,📟
d/xn--ut8h,📕
d/xn--038h,😹
d/xn--hs8h,💥
d/xn--1r8h,💖
d/xn--w38h,😵
d/xn--gs8h,💤
d/xn--4r8h,💙
d/xn--5r8h,💚
d/xn--p38h,😮
d/xn--238h,😻
d/xn--js8h,💧
d/xn--nt8h,📎
d/xn--mt8h,📍
d/xn--kt8h,📋
d/xn--ns8h,💫
d/xn--wt8h,📗
d/xn--yr8h,💓
d/xn--qs8h,💮
d/xn--xt8h,📘
d/xn--tt8h,📔
d/xn--yt8h,📙
d/xn--ct8h,📃
d/xn--os8h,💬
d/xn--2r8h,💗
d/xn--l38h,😪
d/xn--5t8h,📠
d/xn--438h,😽
d/xn--st8h,📓
d/xn--et8h,📅
d/xn--r38h,😰
d/xn--m38h,😫
d/xn--q38h,😯
d/xn--938h,🙂
d/xn--538h,😾
d/xn--638h,😿
d/xn--838h,🙁
d/xn--738h,🙀
d/xn--d48h,🙅
d/xn--558h,🚄
d/xn--858h,🚇
d/xn--458h,🚃
d/xn--b68h,🚉
d/xn--f48h,🙇
d/xn--258h,🚁
d/xn--358h,🚂
d/xn--l48h,🙍
d/xn--658h,🚅
d/xn--158h,🚀
d/xn--k48h,🙌
d/xn--958h,🚈
d/xn--m48h,🙎
d/xn--758h,🚆
d/xn--e48h,🙆
d/xn--n48h,🙏
d/xn--j48h,🙋
d/xn--x78h,🛂
d/xn--u78h,🚿
d/xn--g68h,🚎
d/xn--078h,🛅
d/xn--u68h,🚜
d/xn--068h,🚢
d/xn--z78h,🛄
d/xn--w68h,🚞
d/xn--c68h,🚊
d/xn--h78h,🚲
d/xn--t78h,🚾
d/xn--l68h,🚓
d/xn--668h,🚨
d/xn--y68h,🚠
d/xn--r68h,🚙
d/xn--n78h,🚸
d/xn--p78h,🚺
d/xn--268h,🚤
d/xn--m78h,🚷
d/xn--c78h,🚭
d/xn--k78h,🚵
d/xn--j78h,🚴
d/xn--m68h,🚔
d/xn--s68h,🚚
d/xn--568h,🚧
d/xn--968h,🚫
d/xn--p68h,🚗
d/xn--368h,🚥
d/xn--q68h,🚘
d/xn--768h,🚩
d/xn--o78h,🚹
d/xn--e68h,🚌
d/xn--d78h,🚮
d/xn--q78h,🚻
d/xn--e78h,🚯
d/xn--t68h,🚛
d/xn--y78h,🛃
d/xn--x68h,🚟
d/xn--z68h,🚡
d/xn--l78h,🚶
d/xn--f68h,🚍
d/xn--468h,🚦
d/xn--g78h,🚱
d/xn--d68h,🚋
d/xn--v68h,🚝
d/xn--r78h,🚼
d/xn--h68h,🚏
d/xn--i68h,🚐
d/xn--i78h,🚳
d/xn--868h,🚪
d/xn--168h,🚣
d/xn--bci,✏
d/xn--sci,✠
d/xn--mci,✚
d/xn--b9h,⛉
d/xn--8p8h,👗
d/xn--pw8h,🔹
d/xn--wo8h,🐨
d/xn--v5h,♑
d/xn--s7h,⚔
d/xn--er8h,👿
d/xn--4j8h,🎁
d/xn--7q8h,👹
d/xn--o5h,♊
d/xn--w5h,♒
d/xn--s38h,😱
d/xn--b5h,☽
d/xn--t5h,♏
d/xn--u5h,♐
d/xn--s5h,♎
d/xn--n5h,♉
d/xn--x5h,♓
d/xn--gt8h,📇
d/xn--wl8h,🎿
d/xn--9h8h,🍀
d/xn--m5h,♈
d/xn--il8h,🎱
d/xn--p5h,♋
d/xn--q5h,♌
d/xn--r5h,♍
d/xn--nbaa203hoowjiab27ac26bw0moa,╯❨°□°❩╯෴┻━┻
d/xn--o-xlrb,⧹o⧸
d/xn--nbaa500zvgab12ac21bm0loa38951d,❨╯°□°❩╯︵┻━┻
d/xn--nbaa203hoowjiab27ac26bv0mpa,❨╯°□°❩╯෴┻━┻
d/xn--jagieo-7dba,jagiełło
d/xn--r-2fa,rå
d/xn--g9g,∅
d/xn--xbaa079y9eab645aja827ky4fea,┬─┬ノ❨º⸏ºノ❩
d/xn--xbaa079y9eab645aja053qda20693c,┬─┬ノ❨º＿ºノ❩
d/xn--ysca6447p,ಠ＿ಠ
d/xn--ysca097w,ಠ⸏ಠ
d/xn--nbaa000z9eab645aja053qda20693c,┬─┬ノ❨°＿°ノ❩
d/xn--nbaa000z9eab645aja827ky4fea,┬─┬ノ❨°⸏°ノ❩
d/xn--oo-64w9hb645aja827ky4fea,┬─┬ノ❨o⸏oノ❩
d/xn--aex-d1b,aʟex
d/xn--55gy115p2ga,💻→🔊
d/xn--uz8h,🖧
d/xn--qra716ksa50b,ᵃᶫᵉˣ
d/xn--o_o-5r4avjb811bla457sea,┬─┬ノ❨o_oノ❩
d/xn--3x8h,🕪
d/xn--nbaa000z9eab71ep3hla457sea,┬─┬ノ❨°□°ノ❩
d/xn--l2bey1c2b,नेपाल
d/xn--ther-und,ξther
d/xn--thereum-zof,ξthereum
d/xn--l2bey1cl2b,नेपाली
d/xn--n1b1a3a1bq0d5ce2k,बिटक्वाइन
d/xn--c1aw,го
d/xn--ckqx5e,买入
d/xn--qbyy13a,王艳
d/xn--2brw07d,刘洋
d/xn--fiqq24b,中心
d/xn--e1ty8p,张杰
d/xn--7rso06b,外汇
d/xn--mcvt03a,王敏
d/xn--5m4az8w,黄金
d/xn--gwt928b,王平
d/xn--b2wp0k,王涛
d/xn--mcv67b,李敏
d/xn--7qv577h,李霞
d/xn--79qx6a,卖出
d/xn--i7q304f,王军
d/xn--css353a,更多
d/xn--2brw89i,刘芳
d/xn--e1t448c,张磊
d/xn--qbyu77e,王静
d/xn--7qv2un45d,李桂英
d/xn--i7qv24c,李军
d/xn--cpqu10g,王伟
d/xn--viqx42d,李丽
d/xn--95q544fhie,王秀兰
d/xn--e1tq60dypg,张秀英
d/xn--qby85kyri,王秀英
d/xn--7qvo42byvg,李秀英
d/xn--2grp19b,李勇
d/xn--z4q,元
d/xn--e1t553a,张涛
d/xn--viq522g,王丽
d/xn--2gr300a,张勇
d/xn--2gr757e,王勇
d/xn--qby276c,王超
d/xn--dxtr8m,文库
d/xn--7qv828h,李静
d/xn--e1t3b,张强
d/xn--e1tp1l,张敏
d/xn--bpws5l,比特
d/xn--qbyw5i,王磊
d/xn--cpq45e,刘伟
d/xn--2br333c,刘杰
d/xn--q05a5v,首页
d/xn--wcsw84d,图片
d/xn--6rv72y,王杰
d/xn--wcs7d,地图
d/xn--7qvwc,李杰
d/xn--bxyw4e,百科
d/xn--cpq720d,李伟
d/xn--ur0a,网
d/xn--e1tn56j,张静
d/xn--2br518b,刘敏
d/xn--qby663a,王芳
d/xn--szsr02a,李娟
d/xn--41t256b,王强
d/xn--41ts3p,李强
d/xn--bd3a34a,资讯
d/xn--7qv371d,李艳
d/xn--cpqy30b,张伟
d/xn--4br182f,王刚
d/xn--pzsx02a,李娜
d/xn--e1t599e,张艳
d/xn--2hvs1a,李明
d/xn--viq942b,张丽
d/xn--szs940d,王娟
d/xn--gjvo63b,显示
d/xn--jvr189m,食品
d/xn--4ruw83d,报纸
d/xn--dkwo7b,欧洲
d/xn--qrqy78c,最佳
d/xn--dpqy88g,传真
d/xn--wgv40a,日期
d/xn--ciq334j,个股
d/xn--tqqy7y,媒体
d/xn--tiq,主
d/xn--wnu286b,我的
d/xn--5eyv2o,篮球
d/xn--lzzl24a,计算
d/xn--zfvz1q,旅游
d/xn--w0ts7r,样式
d/xn--cqv902d,艺术
d/xn--ruqv33o,保险
d/xn--sxqw04c,假日
d/xn--nyr189l,销售
d/xn--9rtr12f,巡航
d/xn--c74au9m,钓鱼
d/xn--etto7a,律师
d/xn--mcty9c,宽带
d/xn--6fr163l,运动
d/xn--5us,好
d/xn--vhqr8o,商业
d/xn--vuso9b,女孩
d/xn--fhq500j,线上
d/xn--hxt033f,药店
d/xn--5kr,卖
d/xn--sny74y,自由
d/xn--lsuoa,抵押
d/xn--7st,市
d/xn--5ey14v,网球
d/xn--b2vs2v,棒球
d/xn--sxqu07c,假期
d/xn--i8s1b,孩子
d/xn--mtt75g,帐户
d/xn--vnqp08b,我们
d/xn--mesr1n,市场
d/xn--vusrb,妇女
d/xn--w75axc,首饰
d/xn--s6wm22e,游轮
d/xn--scys65d,现金
d/xn--vxup8b,数据
d/xn--ohq82h,专利
d/xn--wc3a5b,设计
d/xn--r35azk,饮食
d/xn--uds8a,土地
d/xn--nyqy26a,健康
d/xn--hxtq32k,饭店
d/xn--fjq720a,娱乐
d/xn--7gty1g,属性
d/xn--stus30f,虚拟
d/xn--sss633l,太阳
d/xn--chqs60j8ha,万维网
d/xn--vuq861b,信息
d/xn--wnys25b,电视
d/xn--6wwx40e,赌注
d/xn--tqq21vi6a,多媒体
d/xn--tiqp32p,主页
d/xn--bur6r84t,咖啡店
d/xn--15qp75f,全球
d/xn--vnqw51aec,孩子们
d/xn--oorq55e,发现
d/xn--gmqp28ifda,经纪人
d/xn--dqrp9jevgee,女同性恋
d/xn--rgv445ak9g,无线电
d/xn--3lr804guic,卷筒纸
d/xn--5us572ar6l,最好的
d/xn--8pune,折扣
d/xn--huta990a,帮帮我
d/xn--xpuw9bl74e,摩托车
d/xn--nqv366b6vl,计算机
d/xn--vuq28ffv4b,信用卡
d/xn--glr294blxa,占星术
d/xn--vhqr23l46h,银行业
d/xn--ruqumk1fcr5c,卫生保健
d/xn--mesr1n459afdo,市场营销
d/xn--ciqpng14d0tstks,个人计算机
d/xn--gmq635hnkdhe26g,股票经纪人
d/xn--tssp1eh35abq9a,高尔夫球
d/xn--skr161i,花卉
d/xn--2uxqs,照片
d/xn--rgvp76c,无线
d/xn--4qs697l,声音
d/xn--15qt0w,安全
d/xn--78s731d,男孩
d/xn--vusr00g,美女
d/xn--1jq52s,图书
d/xn--86q319n,冒险
d/xn--8h5al4c,顾问
d/xn--wny669b,电话
d/xn--l6qz84j,营养
d/xn--jvrr05c,毒品
d/xn--rss235b,天气
d/xn--0kwr83e,贷款
d/xn--m7rt8iij,寄存器
d/xn--mjzq79c,门票
d/xn--g4ts90a,法律
d/xn--fctw2e,家庭
d/xn--hlrs01l,卡车
d/xn--tur289j,咨询
d/xn--cy2a840a,视频
d/xn--grzs67c,空间
d/xn--p3t423b,影片
d/xn--2h2a00j,融资
d/xn--nqv636a,相机
d/xn--s6wy10d,游览
d/xn--dj1az7p,英语
d/xn--vuqs22g,信用
d/xn--7hv548f,贸易
d/xn--9et52u,时尚
d/xn--6u6a,鱼
d/xn--yy0a,聊
d/xn--2qq276a,工作
d/xn--5nqr42h,硬件
d/xn--gmq348b,成人
d/xn--2rq78u,天使
d/xn--g2x167a,药物
d/xn--5nq051n,邮件
d/xn--0mzy01b,租赁
d/xn--2h2a43s,金融
d/xn--5krt37a,拍卖
d/xn--h6q964f,玩具
d/xn--ckq724m,购买
d/xn--4p3a,走
d/xn--1jq,书
d/xn--1t5a,鞋
d/xn--cjs,域
d/xn--0iv,是
d/xn--fcs34i,家园
d/xn--5r1a230b,露营
d/xn--8ov427f,有趣
d/xn--1bs255d37i,因特网
d/xn--t8q,凉
d/xn--5eyx16c,足球
d/xn--ue3a,该
d/xn--5m4a,金
d/xn--kiv,星
d/xn--mjz,票
d/xn--vhq,业
d/xn--hxt,店
d/xn--y9s,它
d/xn--ekry3q,医学
d/xn--7lq,亲
d/xn--lrx,热
d/xn--k8q,净
d/xn--fct,家
d/xn--doz,税
d/xn--7q1a9g286a,葡萄酒
d/xn--2qux23cylx,高科技
d/xn--ekr,医
d/xn--sbt234c,宠物
d/xn--79q79b,出口
d/xn--9kr716k,赌博
d/xn--co2a53m,表达
d/xn--b0tu44d,建筑
d/xn--pss454adx6a,大酒杯
d/xn--9mys4ocpb,维生素
d/xn--l5x,狗
d/xn--oor38j,头发
d/xn--fjqz24b,快乐
d/xn--xfr327a,成功
d/xn--w8yu4c,研究
d/xn--tiqu0i,主办
d/xn--xgs754b,模型
d/xn--p3t50i,摄影
d/xn--06v2n,楷模
d/xn--r1w870bytj,消费者
d/xn--6oqz27i,约会
d/xn--vhquv,企业
d/xn--8ey35n,管理
d/xn--onqt1fby5d,以色列
d/xn--55q86w,公寓
d/xn--tlqp91c,交换
d/xn--tlqv90n,交通
d/xn--0ivv55f,是谁
d/xn--ehv518h,时间
d/xn--jn2a725a,飞行
d/xn--kzw51o,生活
d/xn--rcrp04a,得到
d/xn--cer407n,剧院
d/xn--vuqw32g,电信
d/xn--7oro24i,古董
d/xn--ekrq20f,医生
d/xn--4gqv58j,一般
d/xn--3px,点
d/xn--48s290a,学校
d/xn--4gq141i,第一
d/xn--efv,新
d/xn--jh1a,花
d/xn--vhqpk,事业
d/xn--4rr70v,广告
d/xn--bpwy23c,比萨
d/xn--48so21d,学生
d/xn--4qw102a,空气
d/xn--vcsq68l,国际
d/xn--6zrq80l,啤酒
d/xn--sxqw04c2hu,节假日
d/xn--5bx886f,滑雪
d/xn--qzwo1rf0o,流行的
d/xn--55qx5d662d5og,航空公司
d/xn--xfrs97e,功率
d/xn--ubt754b,游客
d/xn--eqrq59f,名称
d/xn--yet034c,小狗
d/xn--i8s951d,电子
d/xn--xrxs67f,烹饪
d/xn--ekrs67m,医院
d/xn--gmq215g,男人
d/xn--jvrv26f,礼品
d/xn--imr513n,餐厅
d/xn--m1x,牌
d/xn--y7yx72d,钻石
d/xn--55qx2ab2r,办公室
d/xn--p5tu82ihof,马德里
d/xn--cjrs2bw1h,化妆品
d/xn--lcy,玩
d/xn--z7x,猫
d/xn--1rw,水
d/xn--lduo00c,您的
d/xn--ciqpn,个人
d/xn--mxtq1m,政府
d/xn--viq251j,美丽
d/xn--jlqt95e,亚洲
d/xn--b9wz60b,能源
d/xn--545a2i,餐馆
d/xn--q35a,飞
d/xn--i7q724a,张军
d/xn--jxan9an1795a,ἀρετή
d/xn--bl-ufbj5exh0t95d,ˈʃɪbəlɛθ
d/xn--vxas,κσ
d/xn--ur0a479b,零网
d/xn--8mqq4x9ox,他妈的
d/xn--mxtq1m1na,无政府
d/xn--ckq42j,买卖
d/xn--ckq42jot1ap22b,非法买卖
d/xn--h-ufa,há
d/xn--niteri-fxa,niterói
d/xn--kda,ó
d/xn--matemtica-41a,matemática
d/xn--caf-dma,café
d/xn--r-uga,ór
d/xn--57hw199e,⚡️
d/xn--u7h2k,⚖⛪
d/xn--wk,
d/xn--8-7sbabhcv6b1cfn,слава8света
d/xn--sg8h4p,🌌🐋
d/xn--sg8hdi4qp1bbmopvgna86ih6h,🌑🌎🔥💰💖🌌🐋🍀🚀💱👑
d/xn--3s9h,🦄
d/xn--qeiaa,❤❤❤
d/xn--4zg,₿
id/xn--4zg,₿
d/xn--v5z,米
d/xn--ydst0cfa9492e,齐天大圣
d/xn--80adksbqg7ac,вконтакте
d/xn--vvs70de8e,小妖怪
d/xn--wlqr9d6b,共产党
d/xn--fjqp36l,乐视
d/xn--30q116m,傻逼
d/xn--5nxz5x,精灵
d/xn--vjqt50bik1b,习近平
d/xn--b6qv5b,共匪
d/xn--djqu72h,知乎
d/xn--exsq28d6jc,秦始皇
d/xn--xhqz83e4ya,毛泽东
d/xn--7ou,房
d/xn--5bu732k,恶魔
d/xn--siqq7j,华为
d/xn--h1akeme,путин
d/xn--gmq25x,好人
d/xn--u7h,⚖
d/xn--e88h,🛒
d/xn--og8hvo,🏳🌈
d/xn--ltr507m,革命
d/xn--d88h,🛑
d/xn--1lq,京
d/xn--fiq,中
d/xn--vuq,信
d/xn--2i4b25axyf,서울시
d/xn--3e0bs9hfvinn1a,대한민국
d/xn--9cs902m,韓國
d/xn--vcs,国
d/xn--9cs,國
d/xn--f91ab,蚂蚁
d/xn--stman-iua,östman
d/xn--ume-wla,umeå